Compound Name,SMILES,RT,Adj. RT,Abs Error
Putrescine,NCCCCN,0.779,0.759,0.02
Glyphosate,O=C(O)CNCP(=O)(O)O,0.784,0.583,0.201
Taurine,NCCS(=O)(=O)O,0.789,0.203,0.586
Atrazine-desethyldesisopropyl-2-hydroxy,Nc1nc(N)nc(O)n1,0.846,1.757,0.911
Morpholin,C1COCCN1,0.858,0.968,0.11
Cytosine,Nc1ccnc(=O)[nH]1,0.891,1.839,0.948
Carnitine,C[N+](C)(C)CC(O)CC(=O)[O-],0.931,1.655,0.724
Vigabatrin,C=CC(N)CCC(=O)O,0.95,1.155,0.205
Levodopa,N[C@@H](Cc1ccc(O)c(O)c1)C(=O)O,0.962,2.796,1.834
Pyrazinoic acid,O=C(O)c1cnccn1,1.025,1.914,0.889
Ribavirine,NC(=O)c1ncn([C@@H]2O[C@H](CO)[C@@H](O)[C@H]2O)n1,1.037,0.293,0.744
GHB,O=C(O)CCCO,1.111,1.128,0.017
Flucytosine,Nc1nc(O)ncc1F,1.114,2.008,0.894
Dimethyldithiophosphate (DMDTP),COP(=S)(S)OC,1.119,2.951,1.832
Metformin,CN(C)C(=N)NC(=N)N,1.192,1.919,0.727
Dopamine,NCCc1ccc(O)c(O)c1,1.226,2.443,1.217
Trans trans muconic acid,O=C(O)/C=C/C=C/C(=O)O,1.233,0.676,0.557
Uridine,O=c1ccn([C@@H]2O[C@H](CO)[C@@H](O)[C@H]2O)c(=O)[nH]1,1.263,1.432,0.169
Nicotinic acid,O=C(O)c1cccnc1,1.34,2.645,1.305
Allopurinol,O=c1nc[nH]c2[nH]ncc12,1.472,2.722,1.25
5-fluorouridine,O=c1[nH]c(=O)n([C@@H]2O[C@H](CO)[C@@H](O)[C@H]2O)cc1F,1.523,1.411,0.112
Ethylene-thiouree,S=C1NCCN1,1.59,1.004,0.586
Daminozide,CN(C)NC(=O)CCC(=O)O,1.591,1.484,0.107
Sulbactam,CC1(C)[C@H](C(=O)O)N2C(=O)C[C@H]2S1(=O)=O,1.75,2.827,1.077
Hydroxytryptophan,O=C(O)C(Cc1c[nH]c2ccccc12)NO,1.758,2.865,1.107
Ecgonine methylester,COC(=O)[C@@H]1C2CCC(C[C@@H]1O)N2C,1.798,1.95,0.152
Amoxicillin,CC1(C)S[C@@H]2[C@H](NC(=O)[C@H](N)c3ccc(O)cc3)C(=O)N2[C@H]1C(=O)O,1.837,3.31,1.473
5-Chlorouracil,O=c1[nH]cc(Cl)c(=O)[nH]1,1.872,3.034,1.162
Ganciclovir,Nc1nc2c(ncn2COC(CO)CO)c(=O)[nH]1,1.904,2.539,0.635
Pyridoxine,Cc1ncc(CO)c(CO)c1O,1.922,2.701,0.779
Acetylisoniazide,CC(=O)NNC(=O)c1ccncc1,1.948,2.953,1.005
Isoniazide,NNC(=O)c1ccncc1,2.005,2.579,0.574
Methamidophos,COP(N)(=O)SC,2.527,3.189,0.662
Deoxyguanosine,Nc1nc2c(ncn2[C@H]2C[C@H](O)[C@@H](CO)O2)c(=O)[nH]1,2.563,2.707,0.144
Piracetam,NC(=O)CN1CCCC1=O,2.594,1.973,0.621
Sulfaguanidine,N=C(N)NS(=O)(=O)c1ccc(N)cc1,2.67,2.974,0.304
Isoprenaline,CC(C)NC[C@@H](O)c1ccc(O)c(O)c1,2.696,3.408,0.712
Aciclovir,Nc1nc2c(ncn2COCCO)c(=O)[nH]1,2.741,2.476,0.265
Propylene thiourea,CC1CNC(=S)N1,2.751,1.336,1.415
Morphine-6-glucuronide,CN1CC[C@]23c4c5ccc(O)c4O[C@H]2[C@@H](O[C@@H]2O[C@H](C(=O)O)[C@@H](O)[C@H](O)[C@H]2O)C=C[C@H]3[C@H]1C5,2.775,2.254,0.521
Etilefrine,CCNCC(O)c1cccc(O)c1,2.832,2.89,0.058
Tenofovir,C[C@H](Cn1cnc2c(N)ncnc21)OCP(=O)(O)O,2.884,2.655,0.229
Heptaminol,CC(N)CCCC(C)(C)O,2.927,2.717,0.21
Normorphine,Oc1ccc2c3c1O[C@H]1[C@@H](O)C=C[C@H]4[C@@H](C2)NCC[C@@]341,2.929,2.853,0.076
Pyrazinamide,NC(=O)c1cnccn1,2.949,1.871,1.078
Adenosine,Nc1ncnc2c1ncn2[C@@H]1O[C@H](CO)[C@@H](O)[C@H]1O,2.954,1.443,1.511
Tazobactam,C[C@]1(Cn2ccnn2)[C@H](C(=O)O)N2C(=O)C[C@H]2S1(=O)=O,3.006,3.391,0.385
Acephate,COP(=O)(NC(C)=O)SC,3.058,3.415,0.357
Dihydralazine,N/N=c1\[nH][nH]/c(=N\N)c2ccccc12,3.059,2.948,0.111
Betahistine,CNCCc1ccccn1,3.072,2.989,0.083
Cefadroxil,CC1=C(C(=O)O)N2C(=O)[C@@H](NC(=O)[C@H](N)c3ccc(O)cc3)[C@H]2SC1,3.076,3.054,0.022
Paracetamol,CC(=O)Nc1ccc(O)cc1,3.1,3.056,0.044
Phenylbiguanide,N=C(N)NC(=N)Nc1ccccc1,3.121,3.481,0.36
Crotaline,C[C@H]1C(=O)O[C@@H]2CCN3CC=C(COC(=O)[C@](C)(O)[C@]1(C)O)[C@H]23,3.158,4.613,1.455
Folinic acid,Nc1nc2c(c(=O)[nH]1)N(C=O)C(CNc1ccc(C(=O)NC(CCC(=O)O)C(=O)O)cc1)CN2,3.162,4.083,0.921
"Amino-4-chloro-6-benzene-1,3-disulfonamide",Nc1cc(Cl)c(S(N)(=O)=O)cc1S(N)(=O)=O,3.173,3.494,0.321
Aztreonam,C[C@H]1[C@H](NC(=O)/C(=N\OC(C)(C)C(=O)O)c2csc([NH3+])n2)C(=O)N1S(=O)(=O)[O-],3.197,3.816,0.619
Psilocybine,CN(C)CCc1c[nH]c2cccc(OP(=O)(O)O)c12,3.199,4.71,1.511
Pregabalin,CC(C)C[C@H](CN)CC(=O)O,3.203,2.155,1.048
Salbutamol,CC(C)(C)NCC(O)c1ccc(O)c(CO)c1,3.21,3.53,0.32
Terbutaline,CC(C)(C)NCC(O)c1cc(O)cc(O)c1,3.22,3.683,0.463
Pirbuterol,CC(C)(C)NCC(O)c1ccc(O)c(CO)n1,3.221,3.693,0.472
Acetazolamide,CC(=O)Nc1nnc(S(N)(=O)=O)s1,3.222,2.354,0.868
Trimethylaniline,Cc1ccc(N)c(C)c1C,3.242,4.396,1.154
Lamivudine,Nc1ccn([C@@H]2CS[C@H](CO)O2)c(=O)n1,3.247,2.968,0.279
6-chloronicotinic acid,O=C(O)c1ccc(Cl)nc1,3.249,3.562,0.313
Norephedrine,CCC(N)(O)c1ccccc1,3.254,3.62,0.366
Sotalol,CC(C)NCC(O)c1ccc(NS(C)(=O)=O)cc1,3.255,3.03,0.225
Salicylic acid,O=C(O)c1ccccc1O,3.273,3.086,0.187
Norpseudoephedrine,C[C@@H](N)[C@H](O)c1ccccc1,3.275,2.857,0.418
Morphine,CN1CC[C@]23c4c5ccc(O)c4O[C@H]2[C@@H](O)C=C[C@H]3[C@H]1C5,3.282,3.239,0.043
Atenolol,CC(C)NCC(O)COc1ccc(CC(N)=O)cc1,3.291,4.078,0.787
Methomyl-oxime,CONC(C)=S,3.326,1.79,1.536
Anhydroecgonine methyl ester,COC(=O)C1=CC[C@@H]2CC[C@H]1N2C,3.342,2.999,0.343
Famotidine,NC(N)=Nc1nc(CSCCC(N)=NS(N)(=O)=O)cs1,3.354,2.768,0.586
Procarbazine,CNNCc1ccc(C(=O)NC(C)C)cc1,3.355,4.039,0.684
L-abrine,CN[C@@H](Cc1c[nH]c2ccccc12)C(=O)O,3.357,3.565,0.208
Procainamide,CCN(CC)CCNC(=O)c1ccc(N)cc1,3.362,3.345,0.017
Propamocarb,CCCOC(=O)NCCCN(C)C,3.373,3.392,0.019
Hydrochlorothiazide,NS(=O)(=O)c1cc2c(cc1Cl)NCNS2(=O)=O,3.374,3.754,0.38
Amiloride,N=C(N)NC(=O)c1nc(Cl)c(N)nc1N,3.379,2.578,0.801
Gabapentine,NCC1(CC(=O)O)CCCCC1,3.382,2.751,0.631
Cimetidine,C/N=C(\NC#N)NCCSCc1nc[nH]c1C,3.383,4.015,0.632
3-acetamidophenol,CC(=O)Nc1cccc(O)c1,3.385,3.146,0.239
Omethoate,CNC(=O)CSP(=O)(OC)OC,3.395,3.845,0.45
Cefepime,CO/N=C(\C(=O)N[C@@H]1C(=O)N2C(C(=O)[O-])=C(C[N+]3(C)CCCC3)CS[C@H]12)c1csc(N)n1,3.395,4.69,1.295
Didanosine,O=c1[nH]cnc2c1ncn2[C@H]1CC[C@@H](CO)O1,3.396,3.211,0.185
Emtricitabine,Nc1nc(=O)n([C@@H]2CS[C@H](CO)O2)cc1F,3.401,2.645,0.756
Hydromorphone,CN1CC[C@]23c4c5ccc(O)c4O[C@H]2C(=O)CC[C@H]3[C@H]1C5,3.439,4.355,0.916
1-Methyl-3-phenylpiperazine,CN1CCNC(c2ccccc2)C1,3.444,3.216,0.228
Psilocine,CN(C)CCc1c[nH]c2cccc(O)c12,3.446,4.144,0.698
Ephedrine,CN[C@@H](C)[C@H](O)c1ccccc1,3.448,3.144,0.304
Bamethan,CCCCNCC(O)c1ccc(O)cc1,3.459,3.652,0.193
Sulpiride,CCN1CCCC1CNC(=O)c1cc(S(N)(=O)=O)ccc1OC,3.466,3.897,0.431
Pilocarpine,CC[C@@H]1C(=O)OC[C@@H]1Cc1cncn1C,3.473,4.585,1.112
Cathinone,C[C@H](N)C(=O)c1ccccc1,3.479,3.393,0.086
Cefatrizine,NC(C(=O)NC1C(=O)N2C(C(=O)O)=C(CSc3cn[nH]n3)CSC12)c1ccc(O)cc1,3.482,3.826,0.344
Fenoterol,CC(Cc1ccc(O)cc1)NCC(O)c1cc(O)cc(O)c1,3.488,4.805,1.317
Dacarbazine,CN(C)/N=N/c1[nH]cnc1C(N)=O,3.489,2.519,0.97
Ceftizoxime,CO/N=C(\C(=O)N[C@@H]1C(=O)N2C(C(=O)O)=CCS[C@H]12)c1csc(N)n1,3.49,3.87,0.38
Thiocyclam,CN(C)C1CSSSC1,3.493,2.663,0.83
Dinotefuran,CNC(=N[N+](=O)[O-])NCC1CCOC1,3.494,3.268,0.226
Baclofene,NCC(CC(=O)O)c1ccc(Cl)cc1,3.494,4.213,0.719
Aniline,Nc1ccccc1,3.505,2.791,0.714
Pholcodine,CN1CC[C@]23c4c5ccc(OCCN6CCOCC6)c4O[C@H]2[C@@H](O)C=C[C@H]3[C@H]1C5,3.521,4.474,0.953
Pseudoephedrine,CN[C@@H](C)[C@@H](O)c1ccccc1,3.523,3.065,0.458
Ritodrine,C[C@H](NCCc1ccc(O)cc1)[C@H](O)c1ccc(O)cc1,3.525,3.61,0.085
Cefotetan,CO[C@@]1(NC(=O)C2SC(=C(C(N)=O)C(=O)O)S2)C(=O)N2C(C(=O)O)=C(CSc3nnnn3C)CS[C@@H]21,3.529,5.066,1.537
Asulam,COC(=O)NS(=O)(=O)c1ccc(N)cc1,3.534,4.01,0.476
Cefotiam,CN(C)CCn1nnnc1SCC1=C(C(=O)O)N2C(=O)[C@@H](NC(=O)Cc3csc(N)n3)[C@H]2SC1,3.535,4.215,0.68
Aldicarb-sulfoxide,CNC(=O)O/N=C/C(C)(C)S(C)=O,3.537,3.894,0.357
Cefpodoxime,COCC1=C(C(=O)O)N2C(=O)[C@@H](NC(=O)/C(=N\OC)c3csc(N)n3)[C@H]2SC1,3.547,3.563,0.016
Hydroflumethiazide,NS(=O)(=O)c1cc2c(cc1C(F)(F)F)NCNS2(=O)=O,3.553,3.813,0.26
Mescaline,COc1cc(CCN)cc(OC)c1OC,3.554,2.527,1.027
Cefixime,C=CC1=C(C(=O)O)N2C(=O)[C@@H](NC(=O)/C(=N\OCC(=O)O)c3csc(N)n3)[C@H]2SC1,3.556,3.183,0.373
Amiphenazol,Nc1nc(N)c(-c2ccccc2)s1,3.572,4.567,0.995
Levetiracetam,CC[C@@H](C(N)=O)N1CCCC1=O,3.576,3.795,0.219
Metronidazole,Cc1ncc([N+](=O)[O-])n1CCO,3.584,3.42,0.164
Methiopropamine,CNC(C)Cc1cccs1,3.61,3.647,0.037
Methcathinone,CNC(C)C(=O)c1ccccc1,3.619,3.788,0.169
Ranitidine,CNC(=C[N+](=O)[O-])NCCSCc1ccc(CN(C)C)o1,3.624,5.201,1.577
Diacetolol,CC(=O)Nc1ccc(OCC(O)CNC(C)C)c(C(C)=O)c1,3.624,4.931,1.307
Phenysemicarbazide,NC(=O)NNc1ccccc1,3.625,3.028,0.597
Amphetamine,CC(N)Cc1ccccc1,3.632,2.788,0.844
Theobromine,Cn1cnc2c1c(=O)[nH]c(=O)n2C,3.636,3.472,0.164
5-IT (5-(2-Aminopropyl)indole),CC(N)Cc1ccc2[nH]ccc2c1,3.641,3.546,0.095
Methylephedrine,C[C@@H]([C@H](O)c1ccccc1)N(C)C,3.658,3.836,0.178
Aldoxycarb,CNC(=O)ON=CC(C)(C)S(C)(=O)=O,3.668,4.049,0.381
MDAI,NC1Cc2cc3c(cc2C1)OCO3,3.673,3.701,0.028
3-aminophenol,Nc1cccc(O)c1,3.692,2.234,1.458
Diprophylline,Cn1c(=O)c2c(ncn2CC(O)CO)n(C)c1=O,3.695,3.486,0.209
Procaine,CCN(CC)CCOC(=O)c1ccc(N)cc1,3.704,4.006,0.302
4-Fluoroamphetamine,CC(N)Cc1ccc(F)cc1,3.708,2.841,0.867
Theophylline,Cn1c(=O)c2[nH]cnc2n(C)c1=O,3.711,3.414,0.297
Flonicamid,N#CCNC(=O)c1cnccc1C(F)(F)F,3.72,3.914,0.194
Cefuroxime,CO/N=C(\C(=O)N[C@@H]1C(=O)N2C(C(=O)O)=C(COC(N)=O)CS[C@H]12)c1ccco1,3.733,4.029,0.296
Phenylpropylamine,CCCNc1ccccc1,3.75,4.222,0.472
Alizapride,C=CCN1CCCC1CNC(=O)c1cc2nn[nH]c2cc1OC,3.756,4.854,1.098
Tiapride,CCN(CC)CCNC(=O)c1cc(S(C)(=O)=O)ccc1OC,3.76,3.957,0.197
Cefalexin,CC1=C(C(=O)O)N2C(=O)[C@@H](NC(=O)[C@H](N)c3ccccc3)[C@H]2SC1,3.764,3.346,0.418
Octen-3-ol,C=CC(O)CCCCC,3.765,2.957,0.808
Iproniazide,CC(C)NNC(=O)c1ccncc1,3.785,3.349,0.436
Scopolamine,CN1[C@@H]2C[C@@H](OC(=O)[C@H](CO)c3ccccc3)C[C@H]1[C@@H]1O[C@@H]12,3.814,3.822,0.008
Noroxycodone,COc1ccc2c3c1O[C@H]1C(=O)CC[C@@]4(O)[C@@H](C2)NCC[C@]314,3.82,3.004,0.816
Naloxone,C=CCN1CC[C@]23c4c5ccc(O)c4O[C@H]2C(=O)CC[C@@]3(O)[C@H]1C5,3.821,4.172,0.351
Aminorex,NC1=NCC(c2ccccc2)O1,3.837,3.297,0.54
Clonidine,Clc1cccc(Cl)c1NC1=NCCN1,3.837,4.4,0.563
o-desmethyltramadol,CN(C)CC1CCCCC1(O)c1cccc(O)c1,3.84,4.381,0.541
Thiamphenicol,CS(=O)(=O)c1ccc([C@@H](O)[C@@H](CO)NC(=O)C(Cl)Cl)cc1,3.857,4.245,0.388
Carteolol,CC(C)(C)NCC(O)COc1cccc2c1CCC(=O)N2,3.857,5.544,1.687
6-Methoxysalicylic acid,COc1cccc(O)c1C(=O)O,3.861,2.47,1.391
Methamphetamine,CN[C@@H](C)Cc1ccccc1,3.863,3.416,0.447
Cefoxitin,CO[C@@]1(NC(=O)Cc2cccs2)C(=O)N2C(C(=O)O)=C(COC(N)=O)CS[C@@H]21,3.863,5.525,1.662
Dihydrocodeine,COc1ccc2c3c1O[C@H]1[C@@H](O)CC[C@H]4[C@@H](C2)N(C)CC[C@@]341,3.869,4.354,0.485
Sulfadiazine,Nc1ccc(S(=O)(=O)Nc2ncccn2)cc1,3.882,5.13,1.248
MDA,CC(N)Cc1ccc2c(c1)OCO2,3.89,3.759,0.131
Retrorsine,C/C=C1/C[C@@H](C)[C@](O)(CO)C(=O)OCC2=CCN3CC[C@@H](OC1=O)[C@@H]23,3.893,4.266,0.373
Codeine,COc1ccc2c3c1O[C@H]1[C@@H](O)C=C[C@H]4[C@@H](C2)N(C)CC[C@@]341,3.901,3.536,0.365
Atrazine-desisopropyl,CCNc1nc(N)nc(Cl)n1,3.904,4.519,0.615
Nadolol,CC(C)(C)NCC(O)COc1cccc2c1C[C@H](O)[C@H](O)C2,3.904,5.014,1.11
Captopril,C[C@H](CS)C(=O)N1CCC[C@H]1C(=O)O,3.906,2.762,1.144
6-MAM,CC(=O)O[C@H]1C=C[C@H]2[C@H]3Cc4ccc(O)c5c4[C@@]2(CCN3C)[C@H]1O5,3.918,4.017,0.099
PMA (p-methoxyamphetamine),COc1ccc(CC(C)N)cc1,3.921,3.4,0.521
Cefradine,CC1=C(C(=O)O)N2C(=O)[C@@H](NC(=O)[C@H](N)C3=CCC=CC3)[C@H]2SC1,3.921,4.07,0.149
Barbital,CCC1(CC)C(=O)NC(=O)NC1=O,3.923,4.276,0.353
Cefazoline,Cc1nnc(SCC2=C(C(=O)O)N3C(=O)[C@@H](NC(=O)Cn4cnnn4)[C@H]3SC2)s1,3.924,3.293,0.631
Monocrotophos,CNC(=O)/C=C(\C)OP(=O)(OC)OC,3.926,4.229,0.303
6-acetylmorphine,CC(=O)O[C@H]1C=C[C@H]2[C@H]3Cc4ccc(O)c5c4[C@@]2(CCN3C)[C@H]1O5,3.933,4.017,0.084
Pindolol,CC(C)NCC(O)COc1cccc2[nH]ccc12,3.937,4.11,0.173
Veralipride,C=CCN1CCCC1CNC(=O)c1cc(S(N)(=O)=O)cc(OC)c1OC,3.943,4.602,0.659
MHPC (Phenmediphan metabolite),COC(=O)Nc1cccc(O)c1,3.949,3.427,0.522
Benzylpiperazine,c1ccc(CN2CCNCC2)cc1,3.956,3.474,0.482
Atraton-desisopropyl,CCNc1nc(N)nc(OC)n1,3.961,4.261,0.3
Methylone,CNC(C)C(=O)c1ccc2c(c1)OCO2,3.98,4.257,0.277
Phentermine,CC(C)(N)Cc1ccccc1,3.98,4.272,0.292
Fenproporex,CC(Cc1ccccc1)NCCC#N,3.982,3.639,0.343
Naltrexone,O=C1CC[C@@]2(O)[C@H]3Cc4ccc(O)c5c4[C@@]2(CCN3CC2CC2)[C@H]1O5,3.994,4.227,0.233
Oxycodone,COc1ccc2c3c1O[C@H]1C(=O)CC[C@@]4(O)[C@@H](C2)N(C)CC[C@]314,3.997,4.19,0.193
Perindoprilate,CCC[C@H](N[C@@H](C)C(=O)N1[C@H](C(=O)O)C[C@@H]2CCCC[C@@H]21)C(=O)O,4.013,4.556,0.543
Acetylsalicylic acid,CC(=O)Oc1ccccc1C(=O)O,4.02,3.636,0.384
Buphedrone,CCC(NC)C(=O)c1ccccc1,4.022,4.542,0.52
Ouabaine,C[C@@H]1O[C@@H](O[C@H]2C[C@@H](O)[C@]3(CO)[C@H]4[C@H](O)C[C@]5(C)[C@@H](C6=CC(=O)OC6)CC[C@]5(O)[C@@H]4CC[C@]3(O)C2)[C@H](O)[C@H](O)[C@H]1O,4.025,4.758,0.733
Oxamyl,CNC(=O)O/N=C(\SC)C(=O)N(C)C,4.037,4.558,0.521
Trimethoprime,COc1cc(Cc2cnc(N)nc2N)cc(OC)c1OC,4.038,4.126,0.088
2-amino-5-chloropyridine,Nc1ccc(Cl)cn1,4.045,3.269,0.776
Ampicilline,CC1(C)S[C@@H]2[C@H](NC(=O)[C@H](N)c3ccccc3)C(=O)N2[C@H]1C(=O)O,4.056,3.327,0.729
Nicorandil,O=C(NCCO[N+](=O)[O-])c1cccnc1,4.07,3.476,0.594
Bentazone,CC(C)N1C(=O)c2ccccc2NS1(=O)=O,4.076,5.052,0.976
Zidovudine,Cc1cn([C@H]2C[C@H](N=[N+]=[N-])[C@@H](CO)O2)c(=O)[nH]c1=O,4.108,2.651,1.457
Fluroxypyr,Nc1c(Cl)c(F)nc(OCC(=O)O)c1Cl,4.116,5.048,0.932
MDMA,CNC(C)Cc1ccc2c(c1)OCO2,4.119,4.387,0.268
Amrinone,Nc1cc(-c2ccncc2)c[nH]c1=O,4.123,4.047,0.076
Eserine,CNC(=O)Oc1ccc2c(c1)[C@]1(C)CCN(C)[C@@H]1N2C,4.128,5.925,1.797
Oxydemeton-methyl,CCS(=O)CCSP(=O)(OC)OC,4.143,4.975,0.832
PMMA (para-Methoxy-N-methylamphetamine),CNC(C)Cc1ccc(OC)cc1,4.146,4.028,0.118
Hydrocodone,COc1ccc2c3c1O[C@H]1C(=O)CC[C@H]4[C@@H](C2)N(C)CC[C@]314,4.152,4.662,0.51
Methomyl,CNC(=O)ON=C(C)SC,4.155,3.926,0.229
THPI,O=C1NC(=O)C2CC=CCC12,4.176,2.835,1.341
Oxitropium,CC[N+]1(C)[C@@H]2C[C@@H](OC(=O)[C@H](CO)c3ccccc3)C[C@H]1[C@@H]1O[C@@H]12,4.179,4.818,0.639
Cefapirine,CC(=O)OCC1=C(C(=O)O)N2C(=O)[C@@H](NC(=O)CSc3ccncc3)[C@H]2SC1,4.191,4.222,0.031
Lidocaine,CCN(CC)CC(=O)Nc1c(C)cccc1C,4.192,4.92,0.728
Desmethylvenlafaxine,CN(C)CC(c1ccc(O)cc1)C1(O)CCCCC1,4.194,4.724,0.53
Levamisole,c1ccc([C@H]2CN3CCSC3=N2)cc1,4.216,4.557,0.341
Rilmenidine,C1COC(NC(C2CC2)C2CC2)=N1,4.216,4.25,0.034
Nor-cisapride,COc1cc(N)c(Cl)cc1C(=O)N[C@@H]1CCNC[C@@H]1OC,4.228,4.682,0.454
Trichlorfon,COP(=O)(OC)C(O)C(Cl)(Cl)Cl,4.243,5.433,1.19
Mepivacaine,Cc1cccc(C)c1NC(=O)C1CCCCN1C,4.25,4.997,0.747
Amantadine,NC12CC3CC(CC(C3)C1)C2,4.256,2.699,1.557
Ritalinic acid,O=C(O)C(c1ccccc1)C1CCCCN1,4.262,3.723,0.539
Azathioprine,Cn1cnc([N+](=O)[O-])c1Sc1ncnc2nc[nH]c12,4.264,5.734,1.47
Atropine,CN1[C@@H]2CC[C@H]1C[C@@H](OC(=O)C(CO)c1ccccc1)C2,4.267,5.7,1.433
Sultopride,CCN1CCCC1CNC(=O)c1cc(S(=O)(=O)CC)ccc1OC,4.267,5.255,0.988
Tolonidine,Cc1ccc(NC2=NCCN2)c(Cl)c1,4.291,4.57,0.279
Amphepramone,CCN(CC)[C@@H](C)C(=O)c1ccccc1,4.293,5.188,0.895
Mephedrone,CNC(C)C(=O)c1ccc(C)cc1,4.295,4.116,0.179
Amfepramone,CCN(CC)C(C)C(=O)c1ccccc1,4.304,5.281,0.977
Clothianidin,C/N=C(/NCc1cnc(Cl)s1)N[N+](=O)[O-],4.304,4.444,0.14
Hydroxy-NTN (5-Hydroxy-Imidacloprid),O=[N+]([O-])/N=C1/NCC(O)N1Cc1ccc(Cl)nc1,4.31,4.422,0.112
Proxyphylline,CC(O)Cn1cnc2c1c(=O)n(C)c(=O)n2C,4.311,3.521,0.79
m-toluidine,Cc1cccc(N)c1,4.323,3.306,1.017
Demeton-s-methyl-sulfone,CCS(=O)(=O)CCSP(=O)(OC)OC,4.325,4.654,0.329
BDB,CCC(N)Cc1ccc2c(c1)OCO2,4.326,3.927,0.399
o-toluidine,Cc1ccccc1N,4.346,3.5,0.846
5-APB (5-(2-aminopropyl)benzofuran),CC(N)Cc1ccc2occc2c1,4.359,4.518,0.159
Amisulpride,CCN1CCCC1CNC(=O)c1cc(S(=O)(=O)CC)c(N)cc1OC,4.38,4.958,0.578
Tetrahydrozoline,c1ccc2c(c1)CCCC2C1=NCCN1,4.392,4.155,0.237
Norfenfluramine,CC(N)Cc1cccc(C(F)(F)F)c1,4.396,3.72,0.676
Dapsone,Nc1ccc(S(=O)(=O)c2ccc(N)cc2)cc1,4.397,5.881,1.484
Ethylmorphine,CCOc1ccc2c3c1O[C@H]1[C@@H](O)C=C[C@H]4[C@@H](C2)N(C)CC[C@@]341,4.4,4.51,0.11
Butylone,CCC(NC)C(=O)c1ccc2c(c1)OCO2,4.411,5.118,0.707
Primidone,CCC1(c2ccccc2)C(=O)NCNC1=O,4.418,4.522,0.104
MDEA,CCNC(C)Cc1ccc2c(c1)OCO2,4.42,4.548,0.128
Metoclopramide,CCN(CC)CCNC(=O)c1cc(Cl)c(N)cc1OC,4.426,4.25,0.176
Zonisamide,NS(=O)(=O)Cc1noc2ccccc12,4.439,2.97,1.469
Moclobemide,O=C(NCCN1CCOCC1)c1ccc(Cl)cc1,4.48,4.295,0.185
Tinidazole,CCS(=O)(=O)CCn1c([N+](=O)[O-])cnc1C,4.483,4.49,0.007
Trimetazidine,COc1ccc(CN2CCNCC2)c(OC)c1OC,4.489,4.224,0.265
5-hydroxy-florasulam,O=S(=O)(Nc1c(F)cccc1F)c1nc2c(F)cnc(O)n2n1,4.511,5.59,1.079
Cycloguanil,CC1(C)N=C(N)N=C(N)N1c1ccc(Cl)cc1,4.514,5.576,1.062
Methoxyphenamine,CNC(C)Cc1ccccc1OC,4.515,4.239,0.276
Fenuron,CN(C)C(=O)Nc1ccccc1,4.521,4.969,0.448
Pentedrone,CCCC(NC)C(=O)c1ccccc1,4.537,5.072,0.535
Pymetrozine,CC1=NNC(=O)N(/N=C/c2cccnc2)C1,4.537,4.907,0.37
Atrazine-desethyl,CC(C)Nc1nc(N)nc(Cl)n1,4.547,4.647,0.1
Thiametoxam,CN1COCN(Cc2cnc(Cl)s2)C1=N[N+](=O)[O-],4.554,5.483,0.929
Quinmerac,Cc1cnc2c(C(=O)O)c(Cl)ccc2c1,4.56,6.043,1.483
4-MEC,CCNC(C)C(=O)c1ccc(C)cc1,4.568,4.864,0.296
Nalbuphine,Oc1ccc2c3c1O[C@H]1[C@@H](O)CC[C@@]4(O)[C@@H](C2)N(CC2CCC2)CC[C@]314,4.571,4.504,0.067
Tapendalol,CCC(c1cccc(O)c1)C(C)CN(C)C,4.592,4.954,0.362
p-nitrophenol (PNP),O=[N+]([O-])c1ccc(O)cc1,4.592,3.393,1.199
MBDB,CCC(Cc1ccc2c(c1)OCO2)NC,4.594,4.675,0.081
Clenbuterol,CC(C)(C)NCC(O)c1cc(Cl)c(N)c(Cl)c1,4.599,5.723,1.124
Ethiofencarb-sulfoxide,CCS(=O)Cc1ccccc1OC(=O)NC,4.621,6.227,1.606
Felbamate,NC(=O)OCC(COC(N)=O)c1ccccc1,4.624,3.956,0.668
1-(4-chlorophenyl)urea,NC(=O)Nc1ccc(Cl)cc1,4.627,4.396,0.231
Lamotrigine,Nc1nnc(-c2cccc(Cl)c2Cl)c(N)n1,4.638,5.788,1.15
Norfentanyl,CCC(=O)N(c1ccccc1)C1CCNCC1,4.638,5.934,1.296
Apomorphine,CN1CCc2cccc3c2[C@H]1Cc1ccc(O)c(O)c1-3,4.641,4.483,0.158
Ornidazole,Cc1ncc([N+](=O)[O-])n1CC(O)CCl,4.643,3.442,1.201
3-hydroxycarbofuran,CNC(=O)Oc1cccc2c1OC(C)(C)C2O,4.644,5.122,0.478
Ethiofencarb-sulfone,CCS(=O)(=O)Cc1ccccc1OC(=O)NC,4.647,5.284,0.637
Lacosamide,COC[C@@H](NC(C)=O)C(=O)NCc1ccccc1,4.65,4.263,0.387
Cefamandole,Cn1nnnc1SCC1=C(C(=O)O)N2C(=O)[C@@H](NC(=O)[C@H](O)c3ccccc3)[C@H]2SC1,4.657,4.729,0.072
Nalmefene,C=C1CC[C@@]2(O)[C@H]3Cc4ccc(O)c5c4[C@@]2(CCN3CC2CC2)[C@H]1O5,4.664,4.139,0.525
M-CPP (meta-Chlorophenylpiperazine),Clc1cccc(N2CCNCC2)c1,4.68,3.919,0.761
Meclofenoxate,CN(C)CCOC(=O)COc1ccc(Cl)cc1,4.68,5.41,0.73
Timolol,CC(C)(C)NC[C@H](O)COc1nsnc1N1CCOCC1,4.681,5.019,0.338
N-acetyl-dapsone,CC(=O)Nc1ccc(S(=O)(=O)c2ccc(N)cc2)cc1,4.685,6.359,1.674
Triamterene,Nc1nc(N)c2nc(-c3ccccc3)c(N)nc2n1,4.708,6.029,1.321
O-CPP (O-Chlorophenylpiperazine),Clc1ccccc1N1CCNCC1,4.708,3.913,0.795
Metoprolol,COCCc1ccc(OCC(O)CNC(C)C)cc1,4.716,4.744,0.028
Benzoylecgonine,CN1[C@H]2CC[C@@H]1[C@@H](C(=O)O)[C@@H](OC(=O)c1ccccc1)C2,4.718,3.942,0.776
4-MTA,CSc1ccc(CC(C)N)cc1,4.736,3.785,0.951
P-CPP  (P-Chlorophenylpiperazine),Clc1ccc(N2CCNCC2)cc1,4.736,3.136,1.6
Carbimazole,CCOC(=O)n1ccn(C)c1=S,4.738,4.216,0.522
Carbendazim,COC(=O)Nc1nc2ccccc2[nH]1,4.741,4.394,0.347
Chloramphenicol,O=C(N[C@H](CO)[C@H](O)c1ccc([N+](=O)[O-])cc1)C(Cl)Cl,4.744,4.787,0.043
Hydroxybupropion,CC(NC(C)(C)CO)C(=O)c1cccc(Cl)c1,4.768,5.722,0.954
Ciprofloxacin,O=C(O)c1cn(C2CC2)c2cc(N3CCNCC3)c(F)cc2c1=O,4.769,5.295,0.526
TFMPP,FC(F)(F)c1cccc(N2CCNCC2)c1,4.773,3.569,1.204
Fluconazole,OC(Cn1cncn1)(Cn1cncn1)c1ccc(F)cc1F,4.775,6.404,1.629
Selegiline,C#CCN(C)[C@H](C)Cc1ccccc1,4.776,3.784,0.992
Cafeine,Cn1c(=O)c2c(ncn2C)n(C)c1=O,4.797,3.654,1.143
Cefalotin,CC(=O)OCC1=C(C(=O)O)N2C(=O)[C@@H](NC(=O)Cc3cccs3)[C@H]2SC1,4.806,4.138,0.668
Meprobamate,CCCC(C)(COC(N)=O)COC(N)=O,4.806,3.97,0.836
Dimethoate,CNC(=O)CSP(=S)(OC)OC,4.811,5.375,0.564
Mexiletine,Cc1cccc(C)c1OCC(C)N,4.812,4.939,0.127
Diazoxide,CC1=Nc2ccc(Cl)cc2S(=O)(=O)N1,4.815,4.814,0.001
Ethidimuron,CCS(=O)(=O)c1nnc(N(C)C(=O)NC)s1,4.818,4.416,0.402
Tramadol,COc1cccc([C@@]2(O)CCCC[C@@H]2CN(C)C)c1,4.819,5.578,0.759
3-chloro-p-anisidine,COc1ccc(N)cc1Cl,4.819,4.046,0.773
Cefoperazone,CCN1CCN(C(=O)N[C@H](C(=O)N[C@@H]2C(=O)N3C(C(=O)O)=C(CSc4nnnn4C)CS[C@H]23)c2ccc(O)cc2)C(=O)C1=O,4.837,6.499,1.662
Tacrine,Nc1c2c(nc3ccccc13)CCCC2,4.843,6.154,1.311
Dexfenfluramine,CCN[C@@H](C)Cc1cccc(C(F)(F)F)c1,4.844,4.397,0.447
Chlortalidone,NS(=O)(=O)c1cc(C2(O)NC(=O)c3ccccc32)ccc1Cl,4.867,6.089,1.222
2C-B,COc1cc(CCN)c(OC)cc1Br,4.868,4.567,0.301
Pyrantel,CN1CCCN=C1/C=C/c1cccs1,4.87,4.222,0.648
2-CB,CCc1ccc(-c2ccc(C#N)cc2)cc1,4.871,5.823,0.952
"3,3'-Sulfonyldianiline",Nc1cccc(S(=O)(=O)c2cccc(N)c2)c1,4.873,4.697,0.176
Riboflavin,Cc1cc2nc3c(=O)[nH]c(=O)nc-3n(C[C@H](O)[C@H](O)[C@H](O)CO)c2cc1C,4.883,5.343,0.46
4-chloroaniline,Nc1ccc(Cl)cc1,4.894,4.046,0.848
Aprobarbital,C=CCC1(C(C)C)C(=O)NC(=O)NC1=O,4.894,4.988,0.094
Mefenorex,CC(Cc1ccccc1)NCCCCl,4.907,4.034,0.873
"2,4-D (2,4-Dichlorophenoxyacetic acid)",O=C(O)COc1ccc(Cl)cc1Cl,4.917,5.281,0.364
Vamidothion,CNC(=O)C(C)SCCSP(=O)(OC)OC,4.949,5.65,0.701
Mephenesine,Cc1ccccc1OCC(O)CO,4.958,3.432,1.526
Cafedrine,C[C@H](NCCn1cnc2c1c(=O)n(C)c(=O)n2C)[C@H](O)c1ccccc1,4.959,6.207,1.248
Norketamine,NC1(c2ccccc2Cl)CCCCC1=O,4.963,5.732,0.769
Levobunolol,CC(C)(C)NC[C@H](O)COc1cccc2c1CCCC2=O,4.967,6.565,1.598
Methylclothiazide,CN1C(CCl)Nc2cc(Cl)c(S(N)(=O)=O)cc2S1(=O)=O,4.968,4.663,0.305
Carbutamide,CCCCNC(=O)NS(=O)(=O)c1ccc(N)cc1,4.976,5.309,0.333
Ropivacaine,CCCN1CCCCC1C(=O)Nc1c(C)cccc1C,4.98,6.305,1.325
Ropivacaine Hydrochloride,CCCN1CCCC[C@H]1C(=O)Nc1c(C)cccc1C,4.986,6.305,1.319
Viloxazine,CCOc1ccccc1OCC1CNCCO1,4.993,5.257,0.264
"MDPBP (3',4'-methylenedioxy-a-pyrrolidinobutiophenone)",CCC(C(=O)c1ccc2c(c1)OCO2)N1CCCC1,4.996,5.98,0.984
Minoxidil,[H]/N=c1\nc(N2CCCCC2)cc(N)n1O,5.01,4.139,0.871
Guanfacine,N=C(N)NC(=O)Cc1c(Cl)cccc1Cl,5.027,4.772,0.255
Metamitron,Cc1nnc(-c2ccccc2)c(=O)n1N,5.033,5.528,0.495
Methocarbamol,COc1ccccc1OCC(O)COC(N)=O,5.041,3.593,1.448
Sulfadoxine,COc1ncnc(NS(=O)(=O)c2ccc(N)cc2)c1OC,5.076,5.739,0.663
Valpromide,CCCC(CCC)C(N)=O,5.116,3.651,1.465
Tiemonium,C[N+]1(CCC(O)(c2ccccc2)c2cccs2)CCOCC1,5.122,6.749,1.627
Naringin,C[C@@H]1O[C@@H](O[C@H]2[C@H](Oc3cc(O)c4c(c3)O[C@H](c3ccc(O)cc3)CC4=O)O[C@H](CO)[C@@H](O)[C@@H]2O)[C@H](O)[C@H](O)[C@H]1O,5.123,4.854,0.269
PVP,CCCC(C(=O)c1ccccc1)N1CCCC1,5.126,5.787,0.661
MCPA,Cc1cc(Cl)ccc1OCC(=O)O,5.136,4.814,0.322
Rufinamide,NC(=O)c1cn(Cc2c(F)cccc2F)nn1,5.138,3.882,1.256
Methiocarb-sulfoxide,CNC(=O)Oc1cc(C)c(S(C)=O)c(C)c1,5.139,6.355,1.216
Ambroxol,Nc1c(Br)cc(Br)cc1CN[C@H]1CC[C@H](O)CC1,5.149,6.195,1.046
Esmolol,COC(=O)CCc1ccc(OCC(O)CNC(C)C)cc1,5.152,4.896,0.256
Pethidine,CCOC(=O)C1(c2ccccc2)CCN(C)CC1,5.152,5.769,0.617
Molsidomine,CCO/C([O-])=N/c1c[n+](N2CCOCC2)no1,5.161,3.699,1.462
Erythrohydrobupropion,CC(NC(C)(C)C)C(O)c1cccc(Cl)c1,5.168,5.695,0.527
Brallobarbital,C=CCC1(CC(=C)Br)C(=O)NC(=O)NC1=O,5.17,3.374,1.796
Digoxigenin,C[C@]12CC[C@H](O)C[C@H]1CC[C@@H]1[C@@H]2C[C@@H](O)[C@]2(C)[C@@H](C3=CC(=O)OC3)CC[C@]12O,5.191,6.842,1.651
Heroin,CC(=O)Oc1ccc2c3c1O[C@H]1[C@@H](OC(C)=O)C=C[C@H]4[C@@H](C2)N(C)CC[C@@]341,5.197,4.71,0.487
Ketamine,CNC1(c2ccccc2Cl)CCCCC1=O,5.2,6.276,1.076
Phenacetin,CCOc1ccc(NC(C)=O)cc1,5.2,4.71,0.49
Pheniramine,CN(C)CCC(c1ccccc1)c1ccccn1,5.215,5.567,0.352
Phenobarbital,CCC1(c2ccccc2)C(=O)NC(=O)NC1=O,5.217,5.692,0.475
DOB,COc1cc(CC(C)N)c(OC)cc1Br,5.231,4.825,0.406
Bupropion,CC(NC(C)(C)C)C(=O)c1cccc(Cl)c1,5.235,6.065,0.83
Dehydronorketamine,NC1(c2ccccc2Cl)CCC=CC1=O,5.241,6.219,0.978
4-bromoaniline,Nc1ccc(Br)cc1,5.247,3.567,1.68
Fenozolone,CCNC1=NC(=O)C(c2ccccc2)O1,5.256,5.012,0.244
Geneserine salicylate,CNC(=O)Oc1ccc2c(c1)[C@]1(C)CCN(C)OC1N2C,5.258,5.536,0.278
Aminoglutethimide,CCC1(c2ccc(N)cc2)CCC(=O)NC1=O,5.269,5.524,0.255
Imidacloprid,O=[N+]([O-])NC1=NCCN1Cc1ccc(Cl)nc1,5.288,4.503,0.785
Mevinphos,COC(=O)/C=C(\C)OP(=O)(OC)OC,5.299,4.372,0.927
Niaprazine,CC(CCN1CCN(c2ccc(F)cc2)CC1)NC(=O)c1cccnc1,5.309,5.1,0.209
Ajmaline,CC[C@H]1[C@@H]2C[C@H]3[C@@H]4N(C)c5ccccc5[C@]45C[C@@H](C2[C@H]5O)N3[C@@H]1O,5.309,4.259,1.05
DPP (Diphenylprolinol),OC(c1ccccc1)(c1ccccc1)[C@@H]1CCCN1,5.313,6.345,1.032
3-methyl-4-nitrophenol,Cc1cc(O)ccc1[N+](=O)[O-],5.315,4.455,0.86
Cocaine,COC(=O)[C@H]1[C@@H](OC(=O)c2ccccc2)C[C@@H]2CC[C@H]1N2C,5.336,5.017,0.319
Threohydrobupropion,CC(NC(C)(C)C)C(O)c1cccc(Cl)c1,5.338,5.695,0.357
"2,6-dimethylaniline",Cc1cccc(C)c1N,5.339,3.989,1.35
4'-methyl-a-pyrrolidinobutiophenone,CCC(C(=O)c1ccc(C)cc1)N1CCCC1,5.344,5.547,0.203
Noralfentanil,CCC(=O)N(c1ccccc1)C1(COC)CCNCC1,5.35,7.02,1.67
10-hydroxycarbamazepine,NC(=O)N1c2ccccc2CC(O)c2ccccc21,5.354,5.936,0.582
2-CI,COc1cc(CCN)c(OC)cc1I,5.356,4.008,1.348
Mebutamate,CCC(C)C(C)(COC(N)=O)COC(N)=O,5.356,4.285,1.071
Carbetamide,CCNC(=O)[C@@H](C)OC(=O)Nc1ccccc1,5.36,5.471,0.111
7-hydroxy-amoxapine,Oc1ccc2c(c1)Oc1ccc(Cl)cc1C(N1CCNCC1)=N2,5.361,7.085,1.724
Butobarbital,CCCCC1(CC)C(=O)NC(=O)NC1=O,5.363,4.911,0.452
2C-E,CCc1cc(OC)c(CCN)cc1OC,5.366,4.625,0.741
Labetalol,CC(CCc1ccccc1)NCC(O)c1ccc(O)c(C(N)=O)c1,5.385,4.909,0.476
7-aminonitrazepam,Nc1ccc2c(c1)C(c1ccccc1)=NCC(=O)N2,5.386,6.413,1.027
Harman,Cc1nccc2c1[nH]c1ccccc12,5.392,4.134,1.258
Etidocaine,CCCN(CC)[C@@H](CC)C(=O)Nc1c(C)cccc1C,5.407,6.252,0.845
Aldicarb,CNC(=O)O/N=C/C(C)(C)SC,5.409,4.878,0.531
Furosemide,NS(=O)(=O)c1cc(C(=O)O)c(NCc2ccco2)cc1Cl,5.411,5.227,0.184
Yohimbine,COC(=O)[C@@H]1[C@H]2C[C@H]3c4[nH]c5ccccc5c4CCN3C[C@@H]2CC[C@@H]1O,5.419,5.189,0.23
Benzocaine,CCOC(=O)c1ccc(N)cc1,5.421,4.199,1.222
Butalbital,C=CCC1(CC(C)C)C(=O)NC(=O)NC1=O,5.43,4.157,1.273
Alfuzosine,COc1cc2nc(N(C)CCCNC(=O)C3CCCO3)nc(N)c2cc1OC,5.435,5.578,0.143
7-aminoclonazepam,Nc1ccc2c(c1)C(c1ccccc1Cl)=NCC(=O)N2,5.436,6.659,1.223
Nomifensine,CN1Cc2c(N)cccc2C(c2ccccc2)C1,5.439,5.726,0.287
Antipyrine,Cc1cc(=O)n(-c2ccccc2)n1C,5.451,5.299,0.152
Levallorphan,C=CCN1CC[C@@]23CCCC[C@H]2[C@@H]1Cc1ccc(O)cc13,5.455,5.315,0.14
Methiocarb-sulfone,CNC(=O)Oc1cc(C)c(S(C)(=O)=O)c(C)c1,5.468,6.284,0.816
Proguanil,CC(C)NC(=N)NC(=N)Nc1ccc(Cl)cc1,5.471,4.843,0.628
Clopamide,CC1CCCC(C)N1NC(=O)c1ccc(Cl)c(S(N)(=O)=O)c1,5.474,5.106,0.368
Dichlorprop,CC(Oc1ccc(Cl)cc1Cl)C(=O)O,5.475,5.856,0.381
1-(3-chloro-4-methylphenyl)urea,Cc1ccc(NC(N)=O)cc1Cl,5.477,4.287,1.19
Buflomedil,COc1cc(OC)c(C(=O)CCCN2CCCC2)c(OC)c1,5.479,6.096,0.617
Fenethylline,CC(Cc1ccccc1)NCCn1cnc2c1c(=O)n(C)c(=O)n2C,5.481,6.311,0.83
Norcocaine,COC(=O)[C@H]1[C@@H](OC(=O)c2ccccc2)C[C@@H]2CC[C@H]1N2,5.496,4.413,1.083
Monuron,CN(C)C(=O)Nc1ccc(Cl)cc1,5.499,5.593,0.094
Thiabendazole,c1ccc2[nH]c(-c3cscn3)nc2c1,5.501,4.51,0.991
Althiazide,C=CCSCC1Nc2cc(Cl)c(S(N)(=O)=O)cc2S(=O)(=O)N1,5.505,5.945,0.44
Ethoheptazine,CCOC(=O)C1(c2ccccc2)CCCN(C)CC1,5.511,6.248,0.737
Benzylthiouracyle,O=c1cc(Cc2ccccc2)[nH]c(=S)[nH]1,5.529,4.152,1.377
Methoxetamine,CCNC1(c2cccc(OC)c2)CCCCC1=O,5.533,6.812,1.279
"DMPF ( 2,5-Dimethyl-4-(1-pyrrolidinyl)-3(2H)-furanone)",CC1=C(N2CCCC2)C(=O)C(C)O1,5.535,4.213,1.322
Venlafaxine,COc1ccc(C(CN(C)C)C2(O)CCCCC2)cc1,5.539,5.732,0.193
Metolcarb,CNC(=O)Oc1cccc(C)c1,5.541,5.034,0.507
Laudanosine,COc1ccc(CC2c3cc(OC)c(OC)cc3CCN2C)cc1OC,5.567,3.865,1.702
Bupivacaine,CCCCN1CCCC[C@H]1C(=O)Nc1c(C)cccc1C,5.57,6.062,0.492
Metoxuron,COc1ccc(NC(=O)N(C)C)cc1Cl,5.57,5.564,0.006
Oxprenolol,C=CCOc1ccccc1OCC(O)CNC(C)C,5.575,5.017,0.558
DCPU,NC(=O)Nc1cc(Cl)cc(Cl)c1,5.586,5.25,0.336
"3,4-Methylenedioxypyrovalerone",CCCC(C(=O)c1ccc2c(c1)OCO2)N1CCCC1,5.588,6.209,0.621
"1-(3,4-dichlorophenyl)-urea",NC(=O)Nc1ccc(Cl)c(Cl)c1,5.593,4.834,0.759
Bromoxynil,N#Cc1cc(Br)c(O)c(Br)c1,5.597,4.812,0.785
Benzyladenine,c1ccc(CNc2ncnc3[nH]cnc23)cc1,5.615,4.242,1.373
Pentazocine,CC(C)=CCN1CC[C@@]2(C)c3cc(O)ccc3C[C@@H]1[C@@H]2C,5.617,5.385,0.232
Bisoprolol,CC(C)NCC(O)COc1ccc(COCCOC(C)C)cc1,5.618,6.038,0.42
Nadoxolol,N/C(CC(O)COc1cccc2ccccc12)=N\O,5.622,4.889,0.733
Metipranolol,CC(=O)Oc1c(C)cc(OCC(O)CNC(C)C)c(C)c1C,5.635,6.615,0.98
Azacyclonol,OC(c1ccccc1)(c1ccccc1)C1CCNCC1,5.638,6.265,0.627
"2,4,5-T",O=C(O)COc1cc(Cl)c(Cl)cc1Cl,5.638,6.142,0.504
Milnacipran,CCN(CC)C(=O)C1(c2ccccc2)CC1CN,5.641,5.389,0.252
Moxisylyte,CC(=O)Oc1cc(C(C)C)c(OCCN(C)C)cc1C,5.653,6.646,0.993
Prazosin,COc1cc2nc(N3CCN(C(=O)c4ccco4)CC3)nc(N)c2cc1OC,5.657,5.003,0.654
Ethenzamide,CCOc1ccccc1C(N)=O,5.689,4.219,1.47
Nor-LSD_Nor-iso-LSD,CCN(CC)C(=O)[C@@H]1C=C2c3cccc4[nH]cc(c34)C[C@H]2NC1,5.689,5.239,0.45
Olanzapine,Cc1cc2c(s1)Nc1ccccc1N=C2N1CCN(C)CC1,5.698,5.931,0.233
Flecainide,O=C(NCC1CCCCN1)c1cc(OCC(F)(F)F)ccc1OCC(F)(F)F,5.704,5.415,0.289
Triclopyr,O=C(O)COc1nc(Cl)c(Cl)cc1Cl,5.708,6.031,0.323
Milrinone,Cc1[nH]c(=O)c(C#N)cc1-c1ccncc1,5.71,5.12,0.59
Toloxatone,Cc1cccc(N2CC(CO)OC2=O)c1,5.72,4.951,0.769
Mecoprop,Cc1cc(Cl)ccc1OC(C)C(=O)O,5.726,5.218,0.508
Desmethylmirtazapine,c1ccc2c(c1)Cc1cccnc1N1CCNCC21,5.727,5.046,0.681
Tenoxicam,CN1C(C(=O)Nc2ccccn2)=C(O)c2sccc2S1(=O)=O,5.731,5.574,0.157
Simazine,CCNc1nc(Cl)nc(NCC)n1,5.732,6.191,0.459
Alprenolol,C=CCc1ccccc1OCC(O)CNC(C)C,5.733,5.299,0.434
Piperacillin,CCN1CCN(C(=O)N[C@@H](C(=O)N[C@@H]2C(=O)N3[C@@H]2SC(C)(C)[C@@H]3C(=O)O)c2ccccc2)C(=O)C1=O,5.739,5.421,0.318
4-chloro-2-methylaniline,Cc1cc(Cl)ccc1N,5.741,4.928,0.813
Chlorzoxazone,O=c1[nH]c2cc(Cl)ccc2o1,5.748,4.172,1.576
Bisantrene,C(=N\NC1=NCCN1)/c1c2ccccc2c(/C=N/NC2=NCCN2)c2ccccc12,5.748,5.785,0.037
Cyanazine,CCNc1nc(Cl)nc(NC(C)(C)C#N)n1,5.76,7.261,1.501
Prolintane,CCCC(Cc1ccccc1)N1CCCC1,5.772,5.469,0.303
Acetamiprid,C/C(=N\C#N)N(C)Cc1ccc(Cl)nc1,5.78,4.958,0.822
Salazopyrine,O=C(O)C1=C/C(=N/Nc2ccc(S(=O)(=O)Nc3ccccn3)cc2)C=CC1=O,5.782,6.946,1.164
Bromacil,CCC(C)n1c(=O)[nH]c(C)c(Br)c1=O,5.784,3.952,1.832
Mezlocillin,CC1(C)S[C@@H]2[C@H](NC(=O)[C@H](NC(=O)N3CCN(S(C)(=O)=O)C3=O)c3ccccc3)C(=O)N2[C@H]1C(=O)O,5.798,4.221,1.577
Butorphanol,Oc1ccc2c(c1)[C@@]13CCCC[C@@]1(O)[C@@H](C2)N(CC1CCC1)CC3,5.8,5.679,0.121
Doxylamine,CN(C)CCO[C@](C)(c1ccccc1)c1ccccn1,5.81,6.445,0.635
Fluometuron,CN(C)C(=O)Nc1cccc(C(F)(F)F)c1,5.815,5.434,0.381
Hydroxyhaloperidol,OC(CCCN1CCC(O)(c2ccc(Cl)cc2)CC1)c1ccc(F)cc1,5.816,6.746,0.93
3-chloro-4-methylaniline,Cc1ccc(N)cc1Cl,5.829,4.065,1.764
Digoxigenin monodigitoxoside,C[C@H]1O[C@@H](O[C@H]2CC[C@@]3(C)[C@H](CC[C@@H]4[C@@H]3C[C@@H](O)[C@]3(C)[C@@H](C5=CC(=O)OC5)CC[C@]43O)C2)C[C@H](O)[C@@H]1O,5.833,6.949,1.116
Chlorpheniramine,CN(C)CCC(c1ccc(Cl)cc1)c1ccccn1,5.838,6.568,0.73
Disopyramide,CC(C)N(CCC(C(N)=O)(c1ccccc1)c1ccccn1)C(C)C,5.838,7.393,1.555
Mephenytoin,CCC1(c2ccccc2)NC(=O)N(C)C1=O,5.85,4.841,1.009
4-isopropylaniline,CC(C)c1ccc(N)cc1,5.863,4.123,1.74
Pirimicarb-desmethyl,CNc1nc(C)c(C)c(OC(=O)N(C)C)n1,5.871,5.832,0.039
Benzthiazuron,CNC(=O)Nc1nc2ccccc2s1,5.871,4.608,1.263
Dexchlorpheniramine,CN(C)CC[C@@H](c1ccc(Cl)cc1)c1ccccn1,5.877,6.568,0.691
Cocaethylene,CCOC(=O)[C@H]1[C@@H](OC(=O)c2ccccc2)C[C@@H]2CC[C@H]1N2C,5.9,5.949,0.049
Propranolol,CC(C)NCC(O)COc1cccc2ccccc12,5.907,5.713,0.194
Carbinoxamine,CN(C)CCOC(c1ccc(Cl)cc1)c1ccccn1,5.91,6.986,1.076
Amobarbital,CCC1(CCC(C)C)C(=O)N=C(O)NC1=O,5.912,4.37,1.542
Cibenzoline,c1ccc(C2(c3ccccc3)CC2C2=NCCN2)cc1,5.915,5.684,0.231
Vinylbital,C=CC1(C(C)CCC)C(=O)NC(=O)NC1=O,5.928,4.518,1.41
LSD,CCN(CC)C(=O)[C@@H]1C=C2c3cccc4[nH]cc(c34)C[C@H]2N(C)C1,5.935,6.284,0.349
Harmine,COc1ccc2c(c1)[nH]c1c(C)nccc12,5.942,5.378,0.564
Fencamfamine,CCNC1C2CCC(C2)C1c1ccccc1,5.944,4.476,1.468
Cicloprolol,CC(C)NCC(O)COc1ccc(OCCOCC2CC2)cc1,5.946,5.601,0.345
Tetracaine,CCCCNc1ccc(C(=O)OCCN(C)C)cc1,5.959,5.567,0.392
Oxomemazine,CC(CN(C)C)CN1c2ccccc2S(=O)(=O)c2ccccc21,5.962,7.513,1.551
Pentobarbital,CCCC(C)C1(CC)C(=O)NC(=O)NC1=O,5.97,5.358,0.612
Clindamycine,CCCC1CC(C(=O)NC(C(C)Cl)C2OC(SC)C(O)C(O)C2O)N(C)C1,5.997,4.487,1.51
Coumarine,O=c1ccc2ccccc2o1,6.004,5.331,0.673
"3,5,6-trichloro-2-pyridinol",Oc1nc(Cl)c(Cl)cc1Cl,6.008,5.109,0.899
Diflunisal,O=C(O)c1cc(-c2ccc(F)cc2F)ccc1O,6.015,4.921,1.094
Carbromal,CCC(Br)(CC)C(=O)NC(N)=O,6.018,4.335,1.683
Nevirapine,Cc1ccnc2c1NC(=O)c1cccnc1N2C1CC1,6.021,4.874,1.147
Xipamide,Cc1cccc(C)c1NC(=O)c1cc(S(N)(=O)=O)c(Cl)cc1O,6.038,6.419,0.381
Chlormezanone,CN1C(=O)CCS(=O)(=O)C1c1ccc(Cl)cc1,6.054,5.807,0.247
Ibogaine,CC[C@H]1C[C@@H]2C[C@H]3c4[nH]c5ccc(OC)cc5c4CCN(C2)[C@@H]13,6.08,5.804,0.276
Bendroflumethiazide,NS(=O)(=O)c1cc2c(cc1C(F)(F)F)NC(Cc1ccccc1)NS2(=O)=O,6.083,5.785,0.298
Bupranolol,Cc1ccc(Cl)c(OCC(O)CNC(C)(C)C)c1,6.083,6.291,0.208
Pipamperone,NC(=O)C1(N2CCCCC2)CCN(CCCC(=O)c2ccc(F)cc2)CC1,6.09,6.34,0.25
Vincamine,CC[C@]12CCCN3CCc4c(n(c5ccccc45)[C@@](O)(C(=O)OC)C1)[C@@H]32,6.101,6.497,0.396
Cloxacilline,Cc1onc(-c2ccccc2Cl)c1C(=O)N[C@@H]1C(=O)N2[C@@H]1SC(C)(C)[C@@H]2C(=O)O,6.104,7.006,0.902
Desmethylcitalopram,CNCCCC1(c2ccc(F)cc2)OCc2cc(C#N)ccc21,6.111,6.861,0.75
7-aminoflunitrazepam,CN1C(=O)CN=C(c2ccccc2F)c2cc(N)ccc21,6.117,6.754,0.637
Cyclothiazide,NS(=O)(=O)c1cc2c(cc1Cl)NC(C1CC3C=CC1C3)NS2(=O)=O,6.121,4.872,1.249
Bamifyline,CCN(CCO)CCn1c(Cc2ccccc2)nc2c1c(=O)n(C)c(=O)n2C,6.122,5.998,0.124
Propoxur,CNC(=O)Oc1ccccc1OC(C)C,6.122,5.491,0.631
Benzphetamine,C[C@@H](Cc1ccccc1)N(C)Cc1ccccc1,6.131,5.575,0.556
Crimidine,Cc1cc(N(C)C)nc(Cl)n1,6.134,5.089,1.045
Betaxolol,CC(C)NCC(O)COc1ccc(CCOCC2CC2)cc1,6.136,5.178,0.958
3-Hydroxybromazepam,O=C1Nc2ccc(Br)cc2C(c2ccccn2)=NC1O,6.151,6.233,0.082
Nefopam,CN1CCOC(c2ccccc2)c2ccccc2C1,6.153,6.941,0.788
Medifoxamine,CN(C)CC(Oc1ccccc1)Oc1ccccc1,6.155,7.194,1.039
Brompheniramine,CN(C)CCC(c1ccc(Br)cc1)c1ccccn1,6.158,6.314,0.156
Norclozapine,Clc1ccc2c(c1)N=C(N1CCNCC1)c1ccccc1N2,6.158,6.547,0.389
Strychnine,O=C1C[C@@H]2OCC=C3CN4CC[C@]56c7ccccc7N1[C@H]5[C@H]2[C@H]3C[C@H]46,6.166,5.326,0.84
Phosphamidon,CCN(CC)C(=O)/C(Cl)=C(\C)OP(=O)(OC)OC,6.169,6.816,0.647
Amsacrine,COc1cc(NS(C)(=O)=O)ccc1Nc1c2ccccc2nc2ccccc12,6.173,7.923,1.75
Chlorprepamide,CCCNC(=O)NS(=O)(=O)c1ccc(Cl)cc1,6.182,5.712,0.47
Bendiocarb,CNC(=O)Oc1cccc2c1OC(C)(C)O2,6.191,5.641,0.55
Citalopram,CN(C)CCCC1(c2ccc(F)cc2)OCc2cc(C#N)ccc21,6.2,7.1,0.9
Iso LSD,CCN(CC)C(=O)[C@H]1C=C2c3cccc4[nH]cc(c34)C[C@H]2N(C)C1,6.214,6.284,0.07
Tienilic acid,O=C(O)COc1ccc(C(=O)c2cccs2)c(Cl)c1Cl,6.216,6.73,0.514
Mirtazapine,CN1CCN2c3ncccc3Cc3ccccc3C2C1,6.221,5.637,0.584
Paraoxon methyl,COP(=O)(OC)Oc1ccc([N+](=O)[O-])cc1,6.235,6.503,0.268
Indapamide,CC1Cc2ccccc2N1NC(=O)c1ccc(Cl)c(S(N)(=O)=O)c1,6.237,6.549,0.312
Monolinuron,CON(C)C(=O)Nc1ccc(Cl)cc1,6.245,6.012,0.233
Adrafinil,O=C(CS(=O)C(c1ccccc1)c1ccccc1)NO,6.251,5.278,0.973
DMST,Cc1ccc(NS(=O)(=O)N(C)C)cc1,6.251,4.399,1.852
Betamethasone-21-phosphate,C[C@H]1C[C@H]2[C@@H]3CCC4=CC(=O)C=C[C@]4(C)[C@@]3(F)[C@@H](O)C[C@]2(C)[C@@]1(O)C(=O)COP(=O)(O)O,6.254,8.04,1.786
Zopiclone,CN1CCN(C(=O)OC2c3nccnc3C(=O)N2c2ccc(Cl)cn2)CC1,6.27,6.544,0.274
Etacrynic acid,C=C(CC)C(=O)c1ccc(OCC(=O)O)c(Cl)c1Cl,6.276,6.691,0.415
10-11-epoxycarbamazepine,NC(=O)N1c2ccccc2C2OC2c2ccccc21,6.286,5.122,1.164
Bromo-Dragonfly,C[C@@H](N)Cc1c2ccoc2c(Br)c2ccoc12,6.3,5.546,0.754
Pentoxifylline,CC(=O)CCCCn1c(=O)c2c(ncn2C)n(C)c1=O,6.305,5.693,0.612
Secobarbital,C=CCC1(C(C)CCC)C(=O)NC(=O)NC1=O,6.314,5.427,0.887
Phenytoin,O=C1NC(=O)C(c2ccccc2)(c2ccccc2)N1,6.32,6.093,0.227
Lisuride,CCN(CC)C(=O)N[C@H]1C=C2c3cccc4[nH]cc(c34)C[C@H]2N(C)C1,6.321,6.638,0.317
Quinine,C=C[C@H]1C[N@]2CC[C@H]1C[C@H]2[C@H](O)c1ccnc2ccc(OC)cc12,6.323,6.26,0.063
Enalapril,CCOC(=O)[C@H](CCc1ccccc1)N[C@@H](C)C(=O)N1CCC[C@H]1C(=O)O,6.326,6.574,0.248
Spirotetramat-mono-hydroxy,CO[C@H]1CC[C@]2(CC1)NC(=O)C(c1cc(C)ccc1C)C2O,6.328,5.922,0.406
Chlortoluron,Cc1ccc(NC(=O)N(C)C)cc1Cl,6.333,5.652,0.681
Mefloquine,O[C@@H](c1cc(C(F)(F)F)nc2c(C(F)(F)F)cccc12)[C@H]1CCCCN1,6.335,7.441,1.106
Diphenhydramine,CN(C)CCOC(c1ccccc1)c1ccccc1,6.337,6.205,0.132
Propham,CC(C)OC(=O)Nc1ccccc1,6.354,5.164,1.19
1-naphtyl acetic acid,O=C(O)Cc1cccc2ccccc12,6.368,5.205,1.163
Valone,CC(C)CC(=O)C1C(=O)c2ccccc2C1=O,6.379,5.003,1.376
Carisoprodol,CCCC(C)(COC(N)=O)COC(=O)NC(C)C,6.382,5.044,1.338
Cymiazole,Cc1ccc(/N=c2\sccn2C)c(C)c1,6.388,6.668,0.28
Haloperidol,O=C(CCCN1CCC(O)(c2ccc(Cl)cc2)CC1)c1ccc(F)cc1,6.389,7.432,1.043
Heptabarbital,CCC1(C2=CCCCCC2)C(=O)NC(=O)NC1=O,6.399,5.738,0.661
Zolazepam,Cc1nn(C)c2c1C(c1ccccc1F)=NCC(=O)N2C,6.419,6.883,0.464
PCMPA (N-(3-methoxypropyl)-1-phenyl-cyclohexanamine),COCCCNC1(c2ccccc2)CCCCC1,6.425,6.184,0.241
Diuron,CN(C)C(=O)Nc1ccc(Cl)c(Cl)c1,6.433,6.15,0.283
Atrazine,CCNc1nc(Cl)nc(NC(C)C)n1,6.438,5.998,0.44
Fluvoxamine,COCCCC/C(=N\OCCN)c1ccc(C(F)(F)F)cc1,6.44,5.8,0.64
Convallatoxin,C[C@@H]1O[C@@H](O[C@H]2CC[C@]3(C=O)[C@H]4CC[C@]5(C)[C@@H](C6=CC(=O)OC6)CC[C@]5(O)[C@@H]4CC[C@]3(O)C2)[C@H](O)[C@H](O)[C@H]1O,6.443,6.525,0.082
Nifoxipam,O=C1Nc2ccc([N+](=O)[O-])cc2C(c2ccccc2F)=NC1O,6.445,6.673,0.228
Strophanthidin,C[C@]12CC[C@H]3[C@@H](CC[C@]4(O)C[C@@H](O)CC[C@]34C=O)[C@@]1(O)CC[C@@H]2C1=CC(=O)OC1,6.448,7.305,0.857
Norfluoxetine,NCCC(Oc1ccc(C(F)(F)F)cc1)c1ccccc1,6.466,6.101,0.365
Carbofuran,CNC(=O)Oc1cccc2c1OC(C)(C)C2,6.471,5.031,1.44
Piribedil,c1cnc(N2CCN(Cc3ccc4c(c3)OCO4)CC2)nc1,6.475,5.665,0.81
Quinidine,C=C[C@H]1C[N@]2CC[C@H]1C[C@@H]2[C@@H](O)c1ccnc2ccc(OC)cc12,6.488,6.26,0.228
Trifluorperidol,O=C(CCC(F)N1CCC(O)(c2cccc(C(F)(F)F)c2)CC1)c1ccccc1,6.491,7.506,1.015
Fenamiphos-sulfoxyde,CCOP(=O)(NC(C)C)Oc1ccc(S(C)=O)c(C)c1,6.493,8.141,1.648
Fotemustine,CCOP(=O)(OCC)C(C)NC(=O)N(CCCl)N=O,6.496,5.94,0.556
Thiacloprid,N#C/N=C1/SCCN1Cc1ccc(Cl)nc1,6.5,5.288,1.212
Desmethylmianserin,c1ccc2c(c1)Cc1ccccc1N1CCNCC21,6.514,5.128,1.386
Isoprocarb,CNC(=O)Oc1ccccc1C(C)C,6.516,5.241,1.275
Carbaryl,CNC(=O)Oc1cccc2ccccc12,6.527,5.49,1.037
Spirotetramat-enol,CO[C@H]1CC[C@]2(CC1)NC(=O)C(c1cc(C)ccc1C)=C2O,6.531,7.057,0.526
Clozapine,CN1CCN(C2=Nc3cc(Cl)ccc3Nc3ccccc32)CC1,6.538,7.232,0.694
CDEPA,CCc1cccc(CC)c1NC(=O)CCl,6.54,6.86,0.32
Desacetyldiltiazem,COc1ccc([C@@H]2Sc3ccccc3N(CCN(C)C)C(=O)[C@@H]2O)cc1,6.544,7.612,1.068
Carbocromen,CCOC(=O)COc1ccc2c(C)c(CCN(CC)CC)c(=O)oc2c1,6.554,6.893,0.339
Atomoxetine,CNCC[C@@H](Oc1ccccc1C)c1ccccc1,6.558,6.712,0.154
Doxepin,CN(C)CCC=C1c2ccccc2COc2ccccc21,6.561,7.402,0.841
Fluoxetine,CNCCC(Oc1ccc(C(F)(F)F)cc1)c1ccccc1,6.57,6.916,0.346
Scoparone,COc1cc2ccc(=O)oc2cc1OC,6.588,5.33,1.258
PCEEA (N-(2-ethoxyethyl)-1-phenylcyclohexanamine),CCOCCNC1(c2ccccc2)CCCCC1,6.589,6.889,0.3
Benzthiazide,NS(=O)(=O)c1cc2c(cc1Cl)N=C(CSCc1ccccc1)NS2(=O)=O,6.589,7.688,1.099
Azatadine,CN1CCC(=C2c3ccccc3CCc3cccnc32)CC1,6.603,7.093,0.49
Dicoumarol,O=c1oc2ccccc2c(O)c1Cc1c(O)c2ccccc2oc1=O,6.619,7.159,0.54
Fenamiphos-sulfone,CCOP(=O)(NC(C)C)Oc1ccc(S(C)(=O)=O)c(C)c1,6.624,8.163,1.539
Mepyramine,COc1ccc(CN(CCN(C)C)c2ccccn2)cc1,6.626,6.094,0.532
Demeton-s-methyl,CCSCCSP(=O)(OC)OC,6.641,5.51,1.131
Fentanyl,CCC(=O)N(c1ccccc1)C1CCN(CCc2ccccc2)CC1,6.646,7.835,1.189
Clobenzorex,CC(Cc1ccccc1)NCc1ccccc1Cl,6.649,6.763,0.114
Isoproturon,CC(C)c1ccc(NC(=O)N(C)C)cc1,6.671,5.499,1.172
Metopimazine,CS(=O)(=O)c1ccc2c(c1)N(CCCN1CCC(C(N)=O)CC1)c1ccccc1S2,6.704,6.928,0.224
Erythromycine,CC[C@H]1OC(=O)[C@H](C)[C@@H](O[C@H]2C[C@@](C)(OC)[C@@H](O)[C@H](C)O2)[C@H](C)[C@@H](O[C@@H]2O[C@H](C)C[C@H](N(C)C)[C@H]2O)[C@](C)(O)C[C@@H](C)C(=O)[C@H](C)[C@@H](O)[C@]1(C)O,6.711,8.037,1.326
Zipeprol,COC(CN1CCN(CC(O)C(OC)c2ccccc2)CC1)c1ccccc1,6.712,7.636,0.924
Desmetryn,CNc1nc(NC(C)C)nc(SC)n1,6.72,5.539,1.181
Ethiofencarb,CCSCc1ccccc1OC(=O)NC,6.721,5.943,0.778
Niflumic acid,O=C(O)c1cccnc1Nc1cccc(C(F)(F)F)c1,6.73,5.539,1.191
Fluindione,O=C1c2ccccc2C(=O)C1c1ccc(F)cc1,6.731,6.35,0.381
Coumafuryl,CC(=O)CC(c1ccco1)c1c(O)c2ccccc2oc1=O,6.742,7.272,0.53
Cicletanine,Cc1ncc2c(c1O)CO[C@@H]2c1ccc(Cl)cc1,6.748,6.487,0.261
Phenyltoloxamine,CN(C)CCOc1ccccc1Cc1ccccc1,6.751,6.553,0.198
Metsulfuron-methyl,COC(=O)c1ccccc1S(=O)(=O)NC(=O)Nc1nc(C)nc(OC)n1,6.76,7.688,0.928
Malaoxon,CCOC(=O)CC(SP(=O)(OC)OC)C(=O)OCC,6.761,6.733,0.028
Hydroquinidine,CC[C@H]1CN2CC[C@H]1C[C@@H]2[C@@H](O)c1ccnc2ccc(OC)cc12,6.791,6.612,0.179
Thiophanate-methyl,COC(=O)NC(=S)Nc1ccccc1NC(=S)NC(=O)OC,6.795,5.897,0.898
Procyclidine,OC(CCN1CCCC1)(c1ccccc1)C1CCCCC1,6.797,5.78,1.017
Thiopental,CCCC(C)C1(CC)C(=O)NC(=S)NC1=O,6.807,5.79,1.017
Digoxigenine-bis-digitoxoside,CC1OC(OC2C(O)CC(OC3CCC4(C)C(CCC5C4CC(O)C4(C)C(C6=CC(=O)OC6)CCC54O)C3)OC2C)CC(O)C1O,6.82,7.202,0.382
Tolmetin,Cc1ccc(C(=O)c2ccc(CC(=O)O)n2C)cc1,6.832,6.009,0.823
Risperidone,Cc1nc2n(c(=O)c1CCN1CCC(c3noc4cc(F)ccc34)CC1)CCCC2,6.839,7.685,0.846
Tertatolol,CC(C)(C)NCC(O)COc1cccc2c1SCCC2,6.858,5.121,1.737
Retigabine,CCOC(=O)Nc1ccc(NCc2ccc(F)cc2)cc1N,6.864,6.285,0.579
Tauroursodeoxycholic acid,C[C@H](CCC(=O)NCCS(=O)(=O)O)[C@H]1CC[C@H]2[C@@H]3[C@@H](O)C[C@@H]4C[C@H](O)CC[C@]4(C)[C@H]3CC[C@]12C,6.87,7.14,0.27
Flutamide,CC(C)C(=O)Nc1ccc([N+](=O)[O-])c(C(F)(F)F)c1,6.874,5.961,0.913
Bezafibrate,CC(C)(Oc1ccc(CCNC(=O)c2ccc(Cl)cc2)cc1)C(=O)O,6.883,8.106,1.223
Omeprazole,COc1ccc2[nH]c(S(=O)Cc3ncc(C)c(OC)c3C)nc2c1,6.885,8.082,1.197
Flurazepam,CCN(CC)CCN1C(=O)CN=C(c2ccccc2F)c2cc(Cl)ccc21,6.898,7.74,0.842
Phencyclidine,c1ccc(C2(N3CCCCC3)CCCCC2)cc1,6.906,5.747,1.159
Dextromethorphan,COc1ccc2c(c1)[C@]13CCCC[C@@H]1[C@H](C2)N(C)CC3,6.913,5.584,1.329
Florasulam,COc1ncc(F)c2nc(S(=O)(=O)Nc3c(F)cccc3F)nn12,6.915,5.844,1.071
"DEA (2,6-diethylaniline)",CCc1cccc(CC)c1N,6.934,5.405,1.529
Prednisolone,C[C@]12C=CC(=O)C=C1CC[C@@H]1[C@@H]2[C@@H](O)C[C@@]2(C)[C@H]1CC[C@]2(O)C(=O)CO,6.938,6.424,0.514
Carboxin,CC1=C(C(=O)Nc2ccccc2)SCCO1,6.953,5.976,0.977
Mephospholan,CCOP(=O)(/N=C1\SCC(C)S1)OCC,6.961,5.95,1.011
Tolbutamide,CCCCNC(=O)NS(=O)(=O)c1ccc(C)cc1,6.965,5.473,1.492
Biperidene,OC(CCN1CCCCC1)(c1ccccc1)C1CC2C=CC1C2,6.97,6.064,0.906
Benfluorex,CC(Cc1cccc(C(F)(F)F)c1)NCCOC(=O)c1ccccc1,6.989,6.955,0.034
Carbamazepine,NC(=O)N1c2ccccc2C=Cc2ccccc21,6.999,6.969,0.03
Oxyphenbutazone,CCCCC1C(=O)N(c2ccccc2)N(c2ccc(O)cc2)C1=O,7.005,7.448,0.443
Flumazenil,CCOC(=O)c1ncn2c1CN(C)C(=O)c1cc(F)ccc1-2,7.016,6.419,0.597
Deslanoside,C[C@H]1O[C@@H](O[C@H]2CC[C@@]3(C)[C@H](CC[C@@H]4[C@@H]3C[C@@H](O)[C@]3(C)[C@@H](C5=CC(=O)OC5)CC[C@]43O)C2)C[C@H](O)[C@@H]1O[C@H]1C[C@H](O)[C@H](O[C@H]2C[C@H](O)[C@H](O[C@@H]3O[C@H](CO)[C@@H](O)[C@H](O)[C@H]3O)[C@@H](C)O2)[C@@H](C)O1,7.018,7.228,0.21
Dextropropoxyphene,CCC(=O)O[C@](Cc1ccccc1)(c1ccccc1)[C@H](C)CN(C)C,7.036,8.161,1.125
Hydrocortisone,C[C@]12CCC(=O)C=C1CC[C@@H]1[C@@H]2[C@@H](O)C[C@@]2(C)[C@H]1CC[C@]2(O)C(=O)CO,7.038,5.784,1.254
Demexiptiline,CNCCON=c1c2ccccc2ccc2ccccc12,7.045,7.689,0.644
Flutriafol,OC(Cn1cncn1)(c1ccc(F)cc1)c1ccccc1F,7.047,7.389,0.342
5-(p-Methylphenyl)-5-phenylhydantoin,Cc1ccc(C2(c3ccccc3)NC(=O)NC2=O)cc1,7.049,6.629,0.42
Mianserin,CN1CCN2c3ccccc3Cc3ccccc3C2C1,7.056,6.039,1.017
Propazine,CC(C)Nc1nc(Cl)nc(NC(C)C)n1,7.059,5.595,1.464
Letrozole,N#Cc1ccc(C(c2ccc(C#N)cc2)n2cncn2)cc1,7.064,5.857,1.207
Phenyl-2-phenol,Oc1ccccc1-c1ccccc1,7.079,5.89,1.189
Piretanide,NS(=O)(=O)c1cc(C(=O)O)cc(N2CCCC2)c1Oc1ccccc1,7.081,7.382,0.301
Triprolidine,Cc1ccc(/C(=C\CN2CCCC2)c2ccccn2)cc1,7.084,7.004,0.08
4-fluoro-3-phenoxybenzoic acid,O=C(O)c1ccc(F)c(Oc2ccccc2)c1,7.091,5.46,1.631
Diphacinone,O=C1c2ccccc2C(=O)C1C(=O)C(c1ccccc1)c1ccccc1,7.116,8.68,1.564
Linuron,CON(C)C(=O)Nc1ccc(Cl)c(Cl)c1,7.118,6.653,0.465
Bumetanide,CCCCNc1cc(C(=O)O)cc(S(N)(=O)=O)c1Oc1ccccc1,7.122,7.212,0.09
Fluanisone,COc1ccccc1N1CCN(CCCC(=O)c2ccc(F)cc2)CC1,7.126,7.834,0.708
Fenobucarb,CCC(C)c1ccccc1OC(=O)NC,7.128,5.678,1.45
Protriptyline,CNCCCC1c2ccccc2C=Cc2ccccc21,7.149,7.043,0.106
Benorilate,CC(=O)Nc1ccc(OC(=O)c2ccccc2OC(C)=O)cc1,7.16,7.27,0.11
Trihexyphenidyl,OC(CCN1CCCCC1)(c1ccccc1)C1CCCCC1,7.168,6.287,0.881
Demoxepam,O=C1C[N+]([O-])=C(c2ccccc2)c2cc(Cl)ccc2N1,7.169,8.283,1.114
Flumethasone,C[C@@H]1C[C@H]2[C@@H]3C[C@H](F)C4=CC(=O)C=C[C@]4(C)[C@@]3(F)[C@@H](O)C[C@]2(C)[C@@]1(O)C(=O)CO,7.17,6.986,0.184
Desipramine,CNCCCN1c2ccccc2CCc2ccccc21,7.174,6.72,0.454
Glafenine,O=C(OCC(O)CO)c1ccccc1Nc1ccnc2cc(Cl)ccc12,7.181,6.759,0.422
Diothiepin,CN(C)CC/C=C1\c2ccccc2CSc2ccccc21,7.182,7.008,0.174
Bromazepam,O=C1CN=C(c2ccccn2)c2cc(Br)ccc2N1,7.19,6.516,0.674
Brefeldin A,C[C@H]1CCC/C=C/[C@@H]2C[C@H](O)C[C@H]2[C@H](O)/C=C/C(=O)O1,7.192,5.962,1.23
Didesmethylsibutramine,CC(C)CC(N)C1(c2ccc(Cl)cc2)CCC1,7.192,5.715,1.477
Clometacin,COc1ccc2c(C(=O)c3ccc(Cl)cc3)c(C)n(CC(=O)O)c2c1,7.199,8.691,1.492
Promethazine,CC(CN1c2ccccc2Sc2ccccc21)N(C)C,7.213,7.48,0.267
Bacampicilline,CCOC(=O)OC(C)OC(=O)[C@@H]1N2C(=O)[C@@H](NC(=O)[C@H](N)c3ccccc3)[C@H]2SC1(C)C,7.216,7.458,0.242
Desmethylflunitrazepam,O=C1CN=C(c2ccccc2)c2cc(F)ccc2N1,7.227,6.246,0.981
Buspirone,O=C1CC2(CCCC2)CC(=O)N1CCCCN1CCN(c2ncccn2)CC1,7.234,7.542,0.308
Colchicine,COc1cc2c(c(OC)c1OC)-c1ccc(OC)c(=O)cc1[C@@H](NC(C)=O)CC2,7.239,7.656,0.417
Desmethylsibutramine,CNC(CC(C)C)C1(c2ccc(Cl)cc2)CCC1,7.248,5.859,1.389
Terbumeton,CCNc1nc(NC(C)(C)C)nc(OC)n1,7.25,6.293,0.957
Spirotetramat-cis-keto-hydroxy,CO[C@H]1CC[C@]2(CC1)NC(=O)C(O)(c1cc(C)ccc1C)C2=O,7.254,6.832,0.422
Desmedipham,CCOC(=O)Nc1cccc(OC(=O)Nc2ccccc2)c1,7.256,8.527,1.271
Voriconazole,C[C@@H](c1ncncc1F)[C@](O)(Cn1cncn1)c1ccc(F)cc1F,7.267,6.239,1.028
Duloxetine,CNCC[C@H](Oc1cccc2ccccc12)c1cccs1,7.273,7.669,0.396
Chlorpropham,CC(C)OC(=O)Nc1cccc(Cl)c1,7.275,5.888,1.387
Terbuthylazine,CCNc1nc(Cl)nc(NC(C)(C)C)n1,7.289,6.5,0.789
Ciprofibrate,CC(C)(Oc1ccc(C2CC2(Cl)Cl)cc1)C(=O)O,7.291,5.661,1.63
Naled,COP(=O)(OC)OC(Br)C(Cl)(Cl)Br,7.291,5.54,1.751
Amoxapine,Clc1ccc2c(c1)C(N1CCNCC1)=Nc1ccccc1O2,7.292,7.646,0.354
Tianeptine MC (5),CN1c2ccccc2C(NCCCCC(=O)O)c2ccc(Cl)cc2S1([O-])[O-],7.293,6.935,0.358
Didesmethylamitriptyline,NCCC=C1c2ccccc2CCc2ccccc21,7.297,6.724,0.573
Amlodipine,CCOC(=O)C1=C(COCCN)NC(C)=C(C(=O)OC)C1c1ccccc1Cl,7.297,8.018,0.721
Ethoxyquin,CCOc1ccc2c(c1)C(C)=CC(C)(C)N2,7.298,6.489,0.809
Oxeladin,CCN(CC)CCOCCOC(=O)C(CC)(CC)c1ccccc1,7.302,6.709,0.593
Prednisone,C[C@]12C=CC(=O)C=C1CC[C@@H]1[C@@H]2C(=O)C[C@@]2(C)[C@H]1CC[C@]2(O)C(=O)CO,7.303,7.818,0.515
Piroxicam,CN1C(C(=O)Nc2ccccn2)=C(O)c2ccccc2S1(=O)=O,7.306,6.284,1.022
Nebivolol,OC(CNCC(O)C1CCc2cc(F)ccc2O1)C1CCc2cc(F)ccc2O1,7.307,5.685,1.622
Maprotiline,CNCCCC12CCC(c3ccccc31)c1ccccc12,7.31,6.392,0.918
Pirimicarb,Cc1nc(N(C)C)nc(OC(=O)N(C)C)c1C,7.322,6.423,0.899
Lorazepam,O=C1Nc2ccc(Cl)cc2C(c2ccccc2Cl)=NC1O,7.33,7.373,0.043
N-desmethylclobazam,O=C1CC(=O)N(c2ccccc2)c2cc(Cl)ccc2N1,7.331,8.339,1.008
Zolpidem,Cc1ccc(-c2nc3ccc(C)cn3c2CC(=O)N(C)C)cc1,7.346,8.622,1.276
Periciazine,N#Cc1ccc2c(c1)N(CCCN1CCC(O)CC1)c1ccccc1S2,7.35,6.485,0.865
Phenmediphan,COC(=O)Nc1cccc(OC(=O)Nc2cccc(C)c2)c1,7.355,8.217,0.862
Chlorbromuron,CON(C)C(=O)Nc1ccc(Br)c(Cl)c1,7.356,6.049,1.307
Rivaroxaban,O=C(NC[C@H]1CN(c2ccc(N3CCOCC3=O)cc2)C(=O)O1)c1ccc(Cl)s1,7.367,6.976,0.391
Betamethasone,C[C@H]1C[C@H]2[C@@H]3CCC4=CC(=O)C=C[C@]4(C)[C@@]3(F)[C@@H](O)C[C@]2(C)[C@@]1(O)C(=O)CO,7.372,7.179,0.193
DEET,CCN(CC)C(=O)c1cccc(C)c1,7.374,6.138,1.236
Embutramide,CCC(CC)(CNC(=O)CCCO)c1cccc(OC)c1,7.378,6.45,0.928
Paraoxon ethyl,CCOP(=O)(OCC)Oc1ccc([N+](=O)[O-])cc1,7.379,7.816,0.437
Flubendazole,COC(=O)Nc1nc2cc(C(=O)c3ccc(F)cc3)ccc2[nH]1,7.384,6.554,0.83
Methfuroxam,Cc1oc(C)c(C(=O)Nc2ccccc2)c1C,7.386,6.832,0.554
Imipramine,CN(C)CCCN1c2ccccc2CCc2ccccc21,7.39,6.754,0.636
Hydroxyzine,OCCOCCN1CCN(C(c2ccccc2)c2ccc(Cl)cc2)CC1,7.411,7.605,0.194
Nortriptyline,CNCCC=C1c2ccccc2CCc2ccccc21,7.411,7.238,0.173
EDDP,C/C=C1\N(C)C(C)CC1(c1ccccc1)c1ccccc1,7.417,7.158,0.259
Prifinium,CC[N+]1(CC)CCC(=C(c2ccccc2)c2ccccc2)C1C,7.428,7.774,0.346
Dimefuron,CN(C)C(=O)Nc1ccc(-n2nc(C(C)(C)C)oc2=O)c(Cl)c1,7.436,9.134,1.698
Sibutramine,CC(C)CC(N(C)C)C1(c2ccc(Cl)cc2)CCC1,7.448,7.307,0.141
Amprenavir,CC(C)CN(C[C@@H](O)[C@H](Cc1ccccc1)NC(=O)O[C@H]1CCOC1)S(=O)(=O)c1ccc(N)cc1,7.453,6.513,0.94
Ketoprofen,CC(C(=O)O)c1cccc(C(=O)c2ccccc2)c1,7.454,6.18,1.274
Cortisone,C[C@]12CCC(=O)C=C1CC[C@@H]1[C@@H]2C(=O)C[C@@]2(C)[C@H]1CC[C@]2(O)C(=O)CO,7.458,7.455,0.003
Buprenorphine,CO[C@]12CC[C@@]3(C[C@@H]1[C@](C)(O)C(C)(C)C)[C@H]1Cc4ccc(O)c5c4[C@@]3(CCN1CC1CC1)[C@H]2O5,7.466,8.21,0.744
Chlorphenoxamine,CN(C)CCOC(C)(c1ccccc1)c1ccc(Cl)cc1,7.476,7.993,0.517
3-hydroxy-flunitrazepam,CN1C(=O)C(O)N=C(c2ccccc2F)c2cc([N+](=O)[O-])ccc21,7.492,7.504,0.012
Alimemazine,CC(CN(C)C)CN1c2ccccc2Sc2ccccc21,7.505,7.035,0.47
Thiometon,CCSCCSP(=S)(OC)OC,7.512,6.866,0.646
Norflurazon,CNc1cnn(-c2cccc(C(F)(F)F)c2)c(=O)c1Cl,7.514,6.643,0.871
Carvedilol,COc1ccccc1OCCNCC(O)COc1cccc2[nH]c3ccccc3c12,7.515,7.807,0.292
Oxazepam,O=C1Nc2ccc(Cl)cc2C(c2ccccc2)=NC1O,7.519,6.969,0.55
Methacrifos,COC(=O)/C(C)=C/OP(=S)(OC)OC,7.522,6.14,1.382
Prosulfuron,COc1nc(C)nc(NC(=O)NS(=O)(=O)c2ccccc2CCC(F)(F)F)n1,7.522,8.019,0.497
Opipramol,OCCN1CCN(CCCN2c3ccccc3C=Cc3ccccc32)CC1,7.523,8.509,0.986
Albendazole,CCCSc1ccc2[nH]c(NC(=O)OC)nc2c1,7.526,5.875,1.651
Digoxine,C[C@H]1O[C@@H](O[C@H]2[C@@H](O)C[C@H](O[C@H]3[C@@H](O)C[C@H](O[C@H]4CC[C@@]5(C)[C@H](CC[C@@H]6[C@@H]5C[C@@H](O)[C@]5(C)[C@@H](C7=CC(=O)OC7)CC[C@]65O)C4)O[C@@H]3C)O[C@@H]2C)C[C@H](O)[C@@H]1O,7.538,7.765,0.227
Triadimenol,CC(C)(C)C(O)C(Oc1ccc(Cl)cc1)n1cncn1,7.541,7.045,0.496
Sufentanyl,CCC(=O)N(c1ccccc1)C1(COC)CCN(CCc2cccs2)CC1,7.541,8.101,0.56
Naproxene,COc1ccc2cc([C@H](C)C(=O)O)ccc2c1,7.544,6.099,1.445
Clonazepam,O=C1CN=C(c2ccccc2Cl)c2cc([N+](=O)[O-])ccc2N1,7.544,7.691,0.147
Fenthion sulfoxide,COP(=S)(OC)Oc1ccc(S(C)=O)c(C)c1,7.546,7.616,0.07
2-(2-amino-5-bromobenzoyl)pyridine,Nc1ccc(Br)cc1C(=O)c1ccccn1,7.548,5.878,1.67
Veratridine,COc1ccc(C(=O)O[C@H]2CC[C@@]3(C)[C@@H]4CC[C@H]5[C@]6(O)C[C@H](O)[C@@]7(O)[C@@H](CN8C[C@@H](C)CC[C@H]8[C@@]7(C)O)[C@]6(O)C[C@@]53O[C@]24O)cc1OC,7.549,6.666,0.883
Diethofencarb,CCOc1ccc(NC(=O)OC(C)C)cc1OCC,7.55,7.357,0.193
Spiroxamine,CCCN(CC)CC1COC2(CCC(C(C)(C)C)CC2)O1,7.551,7.303,0.248
Coumatetralyl,O=c1oc2ccccc2c(O)c1C1CCCc2ccccc21,7.552,6.742,0.81
Salmeterol,OCc1cc(C(O)CNCCCCCCOCCCCc2ccccc2)ccc1O,7.552,7.315,0.237
Lanatoside C,CC(=O)O[C@H]1C[C@H](O[C@H]2[C@@H](O)C[C@H](O[C@H]3[C@@H](O)C[C@H](O[C@H]4CC[C@@]5(C)[C@H](CC[C@@H]6[C@@H]5C[C@@H](O)[C@]5(C)[C@@H](C7=CC(=O)OC7)CC[C@]65O)C4)O[C@@H]3C)O[C@@H]2C)O[C@H](C)[C@H]1O[C@@H]1O[C@H](CO)[C@@H](O)[C@H](O)[C@H]1O,7.554,7.879,0.325
Fipronil,N#Cc1nn(-c2c(Cl)cc(C(F)(F)F)cc2Cl)c(N)c1S(=O)C(F)(F)F,7.556,7.312,0.244
Propafenone,CCCNCC(O)COc1ccccc1C(=O)CCc1ccccc1,7.568,6.874,0.694
Nitrazepam,O=C1CN=C(c2ccccc2)c2cc([N+](=O)[O-])ccc2N1,7.57,7.534,0.036
Amitriptyline,CN(C)CCC=C1c2ccccc2CCc2ccccc21,7.58,7.312,0.268
Azadirachtin,C/C=C(\C)C(=O)O[C@H]1C[C@@H](OC(C)=O)[C@@]2(C(=O)OC)CO[C@H]3[C@@H](O)[C@@](C)([C@]45O[C@@]4(C)[C@H]4C[C@@H]5O[C@@H]5OC=C[C@@]54O)[C@H]4[C@]1(CO[C@]4(O)C(=O)OC)[C@@H]32,7.583,6.69,0.893
Dantrolene,O=C1CN(/N=C/c2ccc(-c3ccc([N+](=O)[O-])cc3)o2)C(=O)N1,7.592,6.769,0.823
Cyamemazine,CC(CN(C)C)CN1c2ccccc2Sc2ccc(C#N)cc21,7.594,7.444,0.15
Trazodone,O=c1n(CCCN2CCN(c3cccc(Cl)c3)CC2)nc2ccccn12,7.623,8.427,0.804
Benzatropine,CN1[C@@H]2CC[C@H]1C[C@@H](OC(c1ccccc1)c1ccccc1)C2,7.625,6.761,0.864
Quetiapine,OCCOCCN1CCN(C2=Nc3ccccc3Sc3ccccc32)CC1,7.626,7.229,0.397
Darunavir,CC(C)CN(C[C@@H](O)[C@H](Cc1ccccc1)NC(=O)O[C@H]1CO[C@H]2OCC[C@H]21)S(=O)(=O)c1ccc(N)cc1,7.63,6.442,1.188
Cyproheptadine,CN1CCC(=C2c3ccccc3C=Cc3ccccc32)CC1,7.636,9.336,1.7
Nifedipine,COC(=O)C1=C(C)NC(C)=C(C(=O)OC)C1c1ccccc1[N+](=O)[O-],7.649,7.609,0.04
Fenthion sulfone,COP(=S)(OC)Oc1ccc(S(C)(=O)=O)c(C)c1,7.663,7.685,0.022
Acepromazine,CC(=O)c1ccc2c(c1)N(CCCN(C)C)c1ccccc1S2,7.666,6.444,1.222
Cilazapril,CCOC(=O)[C@H](CCc1ccccc1)N[C@H]1CCCN2CCC[C@@H](C(=O)O)N2C1=O,7.68,7.275,0.405
Captafol,O=C1C2CC=CCC2C(=O)N1SC(Cl)(Cl)C(Cl)Cl,7.683,6.701,0.982
Oxybutynin,CCN(CC)CC#CCOC(=O)C(O)(c1ccccc1)C1CCCCC1,7.691,7.013,0.678
Metazachlor,Cc1cccc(C)c1N(Cn1cccn1)C(=O)CCl,7.695,7.458,0.237
Foramsulfuron,COc1cc(OC)nc(NC(=O)NS(=O)(=O)c2cc(NC=O)ccc2C(=O)N(C)C)n1,7.695,8.573,0.878
Methiocarb,CNC(=O)Oc1cc(C)c(SC)c(C)c1,7.701,6.228,1.473
Sulforidazine,CN1CCCCC1CCN1c2ccccc2Sc2ccc(S(C)(=O)=O)cc21,7.711,7.42,0.291
Desalkylflurazepam,O=C1CN=C(c2ccccc2F)c2cc(Cl)ccc2N1,7.72,6.331,1.389
Pyrimethanil,Cc1cc(C)nc(Nc2ccccc2)n1,7.727,7.034,0.693
Flurtamone,CNC1=C(c2cccc(C(F)(F)F)c2)C(=O)C(c2ccccc2)O1,7.727,8.188,0.461
Trimipramine,CC(CN(C)C)CN1c2ccccc2CCc2ccccc21,7.733,7.638,0.095
CGA321113 (Trifloxystrobin Metabolite),C/C(=N\OCc1ccccc1/C(=N\CO)C(=O)O)c1cccc(C(F)(F)F)c1,7.743,7.579,0.164
alpha-hydroxytriazolam,OCc1nnc2n1-c1ccc(Cl)cc1C(c1ccccc1Cl)=NC2,7.749,8.253,0.504
Altretamine,CN(C)c1nc(N(C)C)nc(N(C)C)n1,7.759,6.574,1.185
Ramipril,CCOC(=O)[C@H](CCc1ccccc1)N[C@@H](C)C(=O)N1[C@H](C(=O)O)C[C@@H]2CCC[C@@H]21,7.77,7.068,0.702
"2,4-DB",O=C(O)CCCOc1ccc(Cl)cc1Cl,7.771,6.262,1.509
Quinupramine,c1ccc2c(c1)CCc1ccccc1N2C1CN2CCC1CC2,7.781,7.523,0.258
Aceprometazine,CC(=O)c1ccc2c(c1)N(CC(C)N(C)C)c1ccccc1S2,7.791,7.456,0.335
Metalaxyl,COCC(=O)N(c1c(C)cccc1C)C(C)C(=O)OC,7.793,7.108,0.685
Mesoridazine,CN1CCCCC1CCN1c2ccccc2Sc2ccc(S(C)=O)cc21,7.794,7.62,0.174
Demeton-s,CCOP(=O)(OCC)SCCSCC,7.8,7.109,0.691
Nuarimol,Oc1ncncc1C(c1ccc(F)cc1)c1ccccc1Cl,7.811,7.789,0.022
4-hydroxymidazolam,Cc1ncc2n1-c1ccc(Cl)cc1C(c1ccccc1F)=NC2O,7.811,8.256,0.445
Diltiazem,COc1ccc([C@@H]2Sc3ccccc3N(CCN(C)C)C(=O)[C@@H]2OC(C)=O)cc1,7.832,7.279,0.553
Acenocoumarol,CC(=O)CC(c1ccc([N+](=O)[O-])cc1)c1c(O)c2ccccc2oc1=O,7.84,8.22,0.38
Digitoxigenin,C[C@]12CC[C@H](O)C[C@H]1CC[C@@H]1[C@@H]2CC[C@]2(C)[C@@H](C3=CC(=O)OC3)CC[C@]12O,7.844,7.478,0.366
Desmethylsertraline,N[C@H]1CC[C@@H](c2ccc(Cl)c(Cl)c2)c2ccccc21,7.858,7.38,0.478
Benazepril,CCOC(=O)[C@H](CCc1ccccc1)N[C@H]1CCc2ccccc2N(CC(=O)O)C1=O,7.867,8.356,0.489
Azaconazole,Clc1ccc(C2(Cn3cncn3)OCCO2)c(Cl)c1,7.87,7.02,0.85
Desmethylclomipramine,CNCCCN1c2ccccc2CCc2ccc(Cl)cc21,7.87,7.326,0.544
Fluopyram,O=C(NCCc1ncc(C(F)(F)F)cc1Cl)c1ccccc1C(F)(F)F,7.873,7.004,0.869
Pipotiazine,CN(C)S(=O)(=O)c1ccc2c(c1)N(CCCN1CCC(CCO)CC1)c1ccccc1S2,7.876,8.022,0.146
Pimethixene,CN1CCC(=C2c3ccccc3Sc3ccccc32)CC1,7.878,7.751,0.127
Clonazolam,Cc1nnc2n1-c1ccc([N+](=O)[O-])cc1C(c1ccccc1Cl)=NC2,7.892,9.462,1.57
Levomepromazine,COc1ccc2c(c1)N(C[C@H](C)CN(C)C)c1ccccc1S2,7.894,7.632,0.262
Triflupromazine,CN(C)CCCN1c2ccccc2Sc2ccc(C(F)(F)F)cc21,7.894,6.932,0.962
Edoxaban,CN1CCc2nc(C(=O)N[C@@H]3C[C@@H](C(=O)N(C)C)CC[C@@H]3NC(=O)C(=O)Nc3ccc(Cl)cn3)sc2C1,7.907,8.131,0.224
Etodolac,CCc1cccc2c3c([nH]c12)C(CC)(CC(=O)O)OCC3,7.907,6.056,1.851
Methaqualone,Cc1ccccc1-n1c(C)nc2ccccc2c1=O,7.911,7.885,0.026
Clomazon,CC1(C)CON(Cc2ccccc2Cl)C1=O,7.918,7.083,0.835
Hydroxyalprazolam,OCc1nnc2n1-c1ccc(Cl)cc1C(c1ccccc1)=NC2,7.92,8.096,0.176
Cyproconazole,CC(C1CC1)C(O)(Cn1cncn1)c1ccc(Cl)cc1,7.928,6.649,1.279
Flubromazepam,O=C1CN=C(c2ccccc2F)c2cc(Br)ccc2N1,7.93,6.12,1.81
Fentichlor,Oc1ccc(Cl)cc1Sc1cc(Cl)ccc1O,7.932,6.497,1.435
Warfarin,CC(=O)CC(c1ccccc1)c1c(O)c2ccccc2oc1=O,7.934,7.109,0.825
Fipronil sulfone,N#Cc1nn(-c2c(Cl)cc(C(F)(F)F)cc2Cl)c(N)c1S(=O)(=O)C(F)(F)F,7.937,7.444,0.493
Flazasulfuron,COc1cc(OC)nc(NC(=O)NS(=O)(=O)c2ncccc2C(F)(F)F)n1,7.957,6.4,1.557
Pimozide,O=c1[nH]c2ccccc2n1C1CCN(CCCC(c2ccc(F)cc2)c2ccc(F)cc2)CC1,7.968,8.979,1.011
Chlorantraniprole,CNC(=O)c1cc(Cl)cc(C)c1NC(=O)c1cc(Br)nn1-c1ncccc1Cl,7.968,9.281,1.313
Sertraline,CN[C@H]1CC[C@@H](c2ccc(Cl)c(Cl)c2)c2ccccc21,7.985,8.199,0.214
Neburon,CCCCN(C)C(=O)Nc1ccc(Cl)c(Cl)c1,7.986,6.653,1.333
Cetirizine,O=C(O)COCCN1CCN(C(c2ccccc2)c2ccc(Cl)cc2)CC1,7.989,7.365,0.624
Febarbamate,CCCCOCC(CN1C(=O)NC(=O)C(CC)(c2ccccc2)C1=O)OC(N)=O,7.993,8.327,0.334
Quinapril,CCOC(=O)[C@H](CCc1ccccc1)N[C@@H](C)C(=O)N1Cc2ccccc2C[C@H]1C(=O)O,7.995,8.32,0.325
Folpet,O=C1c2ccccc2C(=O)N1SC(Cl)(Cl)Cl,7.996,6.76,1.236
Chlordiazepoxide,CNC1=Nc2ccc(Cl)cc2C(c2ccccc2)=[N+]([O-])C1,7.997,8.261,0.264
Sulfosulfuron,CCS(=O)(=O)c1nc2ccccn2c1S(=O)(=O)NC(=O)Nc1nc(OC)cc(OC)n1,7.998,7.571,0.427
Dihydroergotamine,CN1C[C@H](C(=O)N[C@]2(C)O[C@@]3(O)[C@@H]4CCCN4C(=O)[C@H](Cc4ccccc4)N3C2=O)C[C@@H]2c3cccc4[nH]cc(c34)C[C@H]21,8.011,8.62,0.609
Fenhexamid,CC1(C(=O)Nc2ccc(O)c(Cl)c2Cl)CCCCC1,8.018,7.189,0.829
Chlorpromazine,CN(C)CCCN1c2ccccc2Sc2ccc(Cl)cc21,8.019,7.186,0.833
Meclonazepam,C[C@@H]1N=C(c2ccccc2Cl)c2cc([N+](=O)[O-])ccc2NC1=O,8.022,7.857,0.165
Methadone,CCC(=O)C(CC(C)N(C)C)(c1ccccc1)c1ccccc1,8.022,8.397,0.375
Tiagabine,Cc1ccsc1C(=CCCN1CCC[C@@H](C(=O)O)C1)c1sccc1C,8.025,6.248,1.777
Triadimefon,CC(C)(C)C(=O)C(Oc1ccc(Cl)cc1)n1cncn1,8.032,7.538,0.494
Glipizide,Cc1cnc(C(=O)NCCc2ccc(S(=O)(=O)NC(=O)NC3CCCCC3)cc2)cn1,8.039,8.251,0.212
Phenylbutazone,CCCCC1C(=O)N(c2ccccc2)N(c2ccccc2)C1=O,8.055,8.166,0.111
Fentin,[OH][Sn]([c]1ccccc1)([c]1ccccc1)[c]1ccccc1,8.078,7.401,0.677
Myclobutanil,CCCCC(C#N)(Cn1cncn1)c1ccc(Cl)cc1,8.079,7.988,0.091
Clomipramine,CN(C)CCCN1c2ccccc2CCc2ccc(Cl)cc21,8.079,7.573,0.506
Loxapine,CN1CCN(C2=Nc3ccccc3Oc3ccc(Cl)cc32)CC1,8.085,8.153,0.068
Tetraconazole,FC(F)C(F)(F)OCC(Cn1cncn1)c1ccc(Cl)cc1Cl,8.103,7.037,1.066
Terbutryn,CCNc1nc(NC(C)(C)C)nc(SC)n1,8.103,7.145,0.958
Glibornuride,Cc1ccc(S(=O)(=O)NC(=O)N[C@H]2[C@H]3CC[C@@](C)([C@H]2O)C3(C)C)cc1,8.127,7.352,0.775
Sulindac,CC1=C(CC(=O)O)c2cc(F)ccc2/C1=C\c1ccc(S(C)=O)cc1,8.13,8.152,0.022
1-hydroxymidazolam,OCc1ncc2n1-c1ccc(Cl)cc1C(c1ccccc1F)=NC2,8.132,7.774,0.358
Mequitazine,c1ccc2c(c1)Sc1ccccc1N2CC1CN2CCC1CC2,8.139,7.395,0.744
Floctafenin,O=C(OCC(O)CO)c1ccccc1Nc1ccnc2c(C(F)(F)F)cccc12,8.162,7.188,0.974
Clobazam,CN1C(=O)CC(=O)N(c2ccccc2)c2cc(Cl)ccc21,8.188,8.245,0.057
Nordiazepam,O=C1CN=C(c2ccccc2)c2cc(Cl)ccc2N1,8.193,7.331,0.862
Acetyldigoxin,CC(=O)O[C@H]1[C@@H](O)C[C@H](O[C@H]2[C@@H](O)C[C@H](O[C@H]3[C@@H](O)C[C@H](O[C@H]4CC[C@@]5(C)[C@H](CC[C@@H]6[C@@H]5C[C@@H](O)[C@]5(C)[C@@H](C7=CC(=O)OC7)CC[C@]65O)C4)O[C@@H]3C)O[C@@H]2C)O[C@@H]1C,8.199,8.236,0.037
Betamethasone-21-acetate,CC(=O)OCC(=O)[C@@]1(O)[C@@H](C)C[C@H]2[C@@H]3CCC4=CC(=O)C=C[C@]4(C)[C@@]3(F)[C@@H](O)C[C@@]21C,8.212,7.595,0.617
Tianeptine,CN1c2ccccc2C(NCCCCCCC(=O)O)c2ccc(Cl)cc2S1(=O)=O,8.216,9.207,0.991
Oxetorone,CN(C)CC/C=C1\c2ccccc2OCc2c1oc1ccccc21,8.233,8.175,0.058
Penfluridol,OC1(c2ccc(Cl)c(C(F)(F)F)c2)CCN(CCCC(c2ccc(F)cc2)c2ccc(F)cc2)CC1,8.249,9.73,1.481
Alfentanil,CCC(=O)N(c1ccccc1)C1(COC)CCN(CCn2nnn(CC)c2=O)CC1,8.253,7.054,1.199
Methoxyfenozide,COc1cccc(C(=O)NN(C(=O)c2cc(C)cc(C)c2)C(C)(C)C)c1C,8.257,9.393,1.136
Nicardipine,COC(=O)C1=C(C)NC(C)=C(C(=O)OCCN(C)Cc2ccccc2)C1c1cccc([N+](=O)[O-])c1,8.26,9.726,1.466
Boscalid,O=C(Nc1ccccc1-c1ccc(Cl)cc1)c1cccnc1Cl,8.269,9.367,1.098
Isradipine,COC(=O)C1=C(C)NC(C)=C(C(=O)OC(C)C)C1c1cccc2nonc12,8.27,7.876,0.394
Diclofenac,O=C(O)Cc1ccccc1Nc1c(Cl)cccc1Cl,8.284,7.126,1.158
Methyl digitoxin,COC1C(O)CC(OC2C(O)CC(OC3C(O)CC(OC4CCC5(C)C(CCC6C5CC(O)C5(C)C(C7=CC(=O)OC7)CCC65O)C4)OC3C)OC2C)OC1C,8.291,8.03,0.261
Tropatepine,CN1[C@@H]2CC[C@H]1C/C(=C1\c3ccccc3CSc3ccccc31)C2,8.293,8.345,0.052
Flunitrazepam,CN1C(=O)CN=C(c2ccccc2F)c2cc([N+](=O)[O-])ccc21,8.32,8.051,0.269
Lormetazepam,CN1C(=O)C(O)N=C(c2ccccc2Cl)c2cc(Cl)ccc21,8.326,8.0,0.326
Naftidrofuryl,CCN(CC)CCOC(=O)C(Cc1cccc2ccccc12)CC1CCCO1,8.328,7.249,1.079
Dexamethasone,C[C@@H]1C[C@H]2[C@@H]3CCC4=CC(=O)C=C[C@]4(C)[C@@]3(F)[C@@H](O)C[C@]2(C)[C@@]1(O)C(=O)CO,8.335,6.946,1.389
Trimebutine,CCC(COC(=O)c1cc(OC)c(OC)c(OC)c1)(c1ccccc1)N(C)C,8.344,9.801,1.457
Dinoterb,CC(C)(C)c1cc([N+](=O)[O-])cc([N+](=O)[O-])c1O,8.351,6.905,1.446
Clemastine,CN1CCC[C@@H]1CCOC(C)(c1ccccc1)c1ccc(Cl)cc1,8.352,8.858,0.506
Methidathion,COc1nn(CSP(=S)(OC)OC)c(=O)s1,8.369,7.079,1.29
Coumachlore,CC(=O)CC(c1ccc(Cl)cc1)c1c(O)c2ccccc2oc1=O,8.38,8.04,0.34
Estazolam,Clc1ccc2c(c1)C(c1ccccc1)=NCc1nncn1-2,8.385,8.05,0.335
Hexaconazole,CCCCC(O)(Cn1cncn1)c1ccc(Cl)cc1Cl,8.4,7.833,0.567
Tebuconazole,CC(C)(C)C(O)(CCc1ccc(Cl)cc1)Cn1cncn1,8.422,7.543,0.879
Fenarimol,OC(c1ccc(Cl)cc1)(c1cncnc1)c1ccccc1Cl,8.431,8.876,0.445
Amphotericine B,C[C@@H]1[C@H](O)[C@@H](C)/C=C/C=C/C=C/C=C/C=C/C=C/C=C/[C@H](O[C@@H]2O[C@H](C)[C@@H](O)[C@H](N)[C@@H]2O)C[C@@H]2O[C@](O)(C[C@@H](O)C[C@@H](O)[C@H](O)CC[C@@H](O)C[C@@H](O)CC(=O)O[C@H]1C)C[C@H](O)[C@H]2C(=O)O,8.435,7.038,1.397
Triazolam,Cc1nnc2n1-c1ccc(Cl)cc1C(c1ccccc1Cl)=NC2,8.437,8.872,0.435
Fluphenazine,OCCN1CCN(CCCN2c3ccccc3Sc3ccc(C(F)(F)F)cc32)CC1,8.454,7.133,1.321
Fenpropimorph,CC(Cc1ccc(C(C)(C)C)cc1)CN1CC(C)OC(C)C1,8.456,6.723,1.733
Diflubenzuron,O=C(NC(=O)c1c(F)cccc1F)Nc1ccc(Cl)cc1,8.465,7.032,1.433
Temazepam,CN1C(=O)C(O)N=C(c2ccccc2)c2cc(Cl)ccc21,8.468,7.578,0.89
Etoxazole,CCOc1cc(C(C)(C)C)ccc1C1COC(c2c(F)cccc2F)=N1,8.475,9.798,1.323
Mesosulfuron-methyl,COC(=O)c1ccc(CNS(C)(=O)=O)cc1S(=O)(=O)NC(=O)Nc1nc(OC)cc(OC)n1,8.479,6.82,1.659
Clofibrate,CCOC(=O)C(C)(C)Oc1ccc(Cl)cc1,8.482,7.397,1.085
Thiodicarb,CS/C(C)=N/OC(=O)N(C)SN(C)C(=O)O/N=C(\C)SC,8.488,7.802,0.686
Imazalil,C=CCOC(Cn1ccnc1)c1ccc(Cl)cc1Cl,8.489,6.886,1.603
Proscillaridin,C[C@@H]1O[C@@H](O[C@@H]2C=C3CC[C@@H]4[C@H](CC[C@]5(C)[C@@H](c6ccc(=O)oc6)CC[C@]45O)[C@@]3(C)CC2)[C@H](O)[C@H](O)[C@H]1O,8.495,7.964,0.531
Flubromazolam,Cc1nnc2n1-c1ccc(Br)cc1C(c1ccccc1F)=NC2,8.495,7.841,0.654
Fenamiphos,CCOP(=O)(NC(C)C)Oc1ccc(SC)c(C)c1,8.509,8.43,0.079
Malathion,CCOC(=O)CC(SP(=S)(OC)OC)C(=O)OCC,8.53,7.741,0.789
Oryzalin,CCCN(CCC)c1c([N+](=O)[O-])cc(S(N)(=O)=O)cc1[N+](=O)[O-],8.531,7.247,1.284
3-Methylclonazepam,CN1C(=O)CN=C(c2ccccc2Cl)c2cc([N+](=O)[O-])ccc21,8.533,8.914,0.381
Mepanipyrim,CC#Cc1cc(C)nc(Nc2ccccc2)n1,8.534,7.854,0.68
Etifoxine,CCNC1=Nc2ccc(Cl)cc2C(C)(c2ccccc2)O1,8.544,8.421,0.123
Tridemorphe,CCCCCCCCCCCCCN1CC(C)OC(C)C1,8.545,7.373,1.172
Ethyl loflazepate,CCOC(=O)C1N=C(c2ccccc2F)c2cc(Cl)ccc2NC1=O,8.55,8.417,0.133
Tebufenozide,CCc1ccc(C(=O)NN(C(=O)c2cc(C)cc(C)c2)C(C)(C)C)cc1,8.56,9.197,0.637
Fenpyrazamine,C=CCSC(=O)n1c(N)c(-c2ccccc2C)c(=O)n1C(C)C,8.583,7.744,0.839
Oleandrin,CO[C@H]1C[C@H](O[C@H]2CC[C@@]3(C)[C@H](CC[C@@H]4[C@@H]3CC[C@]3(C)[C@@H](C5=CC(=O)OC5)[C@@H](OC(C)=O)C[C@]43O)C2)O[C@@H](C)[C@@H]1O,8.589,8.345,0.244
Prochlorperazine,CN1CCN(CCCN2c3ccccc3Sc3ccc(Cl)cc32)CC1,8.592,7.829,0.763
Perphenazine,OCCN1CCN(CCCN2c3ccccc3Sc3ccc(Cl)cc32)CC1,8.596,7.32,1.276
Penconazole,CCCC(Cn1cncn1)c1ccc(Cl)cc1Cl,8.6,7.333,1.267
Dipyridamole,OCCN(CCO)c1nc(N2CCCCC2)c2nc(N(CCO)CCO)nc(N3CCCCC3)c2n1,8.602,7.258,1.344
Methysticine,COC1=CC(=O)O[C@@H](/C=C/c2ccc3c(c2)OCO3)C1,8.607,6.781,1.826
Sildenafil,CCCc1nn(C)c2c(=O)[nH]c(-c3cc(S(=O)(=O)N4CCN(C)CC4)ccc3OCC)nc12,8.609,9.377,0.768
Alprazolam,Cc1nnc2n1-c1ccc(Cl)cc1C(c1ccccc1)=NC2,8.62,8.591,0.029
Clofibride,CN(C)C(=O)CCCOC(=O)C(C)(C)Oc1ccc(Cl)cc1,8.622,8.367,0.255
Eplerenone,COC(=O)[C@@H]1CC2=CC(=O)CC[C@]2(C)[C@@]23O[C@@H]2C[C@@]2(C)[C@@H](CC[C@@]24CCC(=O)O4)[C@H]13,8.632,7.853,0.779
Bifenazate,COc1ccc(-c2ccccc2)cc1NNC(=O)OC(C)C,8.633,6.917,1.716
1-hydroxypyrene,Oc1ccc2ccc3cccc4ccc1c2c34,8.65,6.907,1.743
Triazamate,CCOC(=O)CSc1nc(C(C)(C)C)nn1C(=O)N(C)C,8.677,7.251,1.426
Gitoxin,C[C@H]1O[C@@H](O[C@H]2[C@@H](O)C[C@H](O[C@H]3[C@@H](O)C[C@H](O[C@H]4CC[C@@]5(C)[C@H](CC[C@@H]6[C@@H]5CC[C@]5(C)[C@@H](C7=CC(=O)OC7)[C@@H](O)C[C@]65O)C4)O[C@@H]3C)O[C@@H]2C)C[C@H](O)[C@@H]1O,8.68,8.004,0.676
Triflumuron,O=C(NC(=O)c1ccccc1Cl)Nc1ccc(OC(F)(F)F)cc1,8.689,7.668,1.021
Nimodipine,COCCOC(=O)C1=C(C)NC(C)=C(C(=O)OC(C)C)C1c1cccc([N+](=O)[O-])c1,8.691,9.153,0.462
Fenitrothion,COP(=S)(OC)Oc1ccc([N+](=O)[O-])c(C)c1,8.75,8.205,0.545
Thioproperazine,CN1CCN(CCCN2c3ccccc3Sc3ccc(S(=O)(=O)N(C)C)cc32)CC1,8.755,7.821,0.934
Pyrifenox,CO/N=C(/Cc1cccnc1)c1ccc(Cl)cc1Cl,8.763,7.958,0.805
Apixaban,COc1ccc(-n2nc(C(N)=O)c3c2C(=O)N(c2ccc(N4CCCCC4=O)cc2)CC3)cc1,8.789,8.331,0.458
Flusilazole,C[Si](Cn1cncn1)(c1ccc(F)cc1)c1ccc(F)cc1,8.794,8.101,0.693
Gemfibrozil,Cc1ccc(C)c(OCCCC(C)(C)C(=O)O)c1,8.799,7.115,1.684
Flupenthixol,OCCN1CCN(CC/C=C2/c3ccccc3Sc3ccc(C(F)(F)F)cc32)CC1,8.818,8.51,0.308
Yangonin,COc1ccc(/C=C/c2cc(OC)cc(=O)o2)cc1,8.843,7.361,1.482
Alachlor,CCc1cccc(CC)c1N(COC)C(=O)CCl,8.846,8.019,0.827
Terfluzine,CN1CCN(CCCN2c3ccccc3Sc3ccc(C(F)(F)F)cc32)CC1,8.848,7.855,0.993
Cyprodinil,Cc1cc(C2CC2)nc(Nc2ccccc2)n1,8.85,7.476,1.374
Clotiapine,CN1CCN(C2=Nc3ccccc3Sc3ccc(Cl)cc32)CC1,8.851,7.354,1.497
Bupiramate,CCCCc1c(C)nc(NCC)nc1OS(=O)(=O)N(C)C,8.853,7.726,1.127
Carpipramine,NC(=O)C1(N2CCCCC2)CCN(CCCN2c3ccccc3CCc3ccccc32)CC1,8.854,9.446,0.592
Indinavir,CC(C)(C)NC(=O)[C@@H]1CN(Cc2cccnc2)CCN1C[C@@H](O)C[C@@H](Cc1ccccc1)C(=O)N[C@H]1c2ccccc2C[C@H]1O,8.858,9.2,0.342
Epoxiconazole,Fc1ccc([C@@]2(Cn3cncn3)O[C@@H]2c2ccccc2Cl)cc1,8.889,7.43,1.459
Diclazepam,CN1C(=O)CN=C(c2ccccc2Cl)c2cc(Cl)ccc21,8.9,8.389,0.511
Fenoxycarb,CCOC(=O)NCCOc1ccc(Oc2ccccc2)cc1,8.903,7.809,1.094
Felodipine,CCOC(=O)C1=C(C)NC(C)=C(C(=O)OC)C1c1cccc(Cl)c1Cl,8.921,9.109,0.188
Spirotetramat,CCOC(=O)OC1=C(c2cc(C)ccc2C)C(=O)N[C@]12CC[C@@H](OC)CC2,8.925,8.919,0.006
Zuclopenthixol,OCCN1CCN(CC/C=C2/c3ccccc3Sc3ccc(Cl)cc32)CC1,8.926,8.425,0.501
Metolachlor,CCc1cccc(C)c1N(C(=O)CCl)C(C)COC,8.929,7.896,1.033
Novaluron,O=C(NC(=O)c1c(F)cccc1F)Nc1ccc(OC(F)(F)C(F)OC(F)(F)F)c(Cl)c1,8.937,8.222,0.715
Aripiprazole,O=C1CCc2ccc(OCCCCN3CCN(c4cccc(Cl)c4Cl)CC3)cc2N1,8.944,9.78,0.836
Azinphos-methyl,COP(=S)(OC)SCn1nnc2ccccc2c1=O,8.948,7.81,1.138
Bepridil,CC(C)COCC(CN(Cc1ccccc1)c1ccccc1)N1CCCC1,8.951,8.885,0.066
Phosmet,COP(=S)(OC)SCN1C(=O)c2ccccc2C1=O,8.951,7.737,1.214
Diazinon,CCOP(=S)(OCC)Oc1cc(C)nc(C(C)C)n1,8.953,8.986,0.033
Midazolam,Cc1ncc2n1-c1ccc(Cl)cc1C(c1ccccc1F)=NC2,8.976,8.291,0.685
Bisacodyl,CC(=O)Oc1ccc(C(c2ccc(OC(C)=O)cc2)c2ccccn2)cc1,8.984,8.853,0.131
Pyridafenthion,CCOP(=S)(OCC)Oc1ccc(=O)n(-c2ccccc2)n1,9.004,9.616,0.612
Fenbuconazole,N#CC(CCc1ccc(Cl)cc1)(Cn1cncn1)c1ccccc1,9.005,8.871,0.134
Iprodione,CC(C)NC(=O)N1CC(=O)N(c2cc(Cl)cc(Cl)c2)C1=O,9.012,7.804,1.208
Sulfotep,CCOP(=S)(OCC)OP(=S)(OCC)OCC,9.025,8.442,0.583
Triflusulfuron-methyl,COC(=O)c1cccc(C)c1S(=O)(=O)NC(=O)Nc1nc(OCC(F)(F)F)nc(N(C)C)n1,9.03,9.682,0.652
Bitertanol,CC(C)(C)C(O)C(Oc1ccc(-c2ccccc2)cc1)n1cncn1,9.035,8.416,0.619
Fluquinconazole,O=c1c2cc(F)ccc2nc(-n2cncn2)n1-c1ccc(Cl)cc1Cl,9.037,9.821,0.784
Terbinafine,CN(C/C=C/C#CC(C)(C)C)Cc1cccc2ccccc12,9.047,9.166,0.119
Indomethacin,COc1ccc2c(c1)c(CC(=O)O)c(C)n2C(=O)c1ccc(Cl)cc1,9.055,9.265,0.21
Mecarbam,CCOC(=O)N(C)C(=O)CSP(=S)(OCC)OCC,9.069,8.045,1.024
Dimethomorph,COc1ccc(/C(=C/C(=O)N2CCOCC2)c2ccc(Cl)cc2)cc1OC,9.087,7.683,1.404
Parathion-ethyl,CCOP(=S)(OCC)Oc1ccc([N+](=O)[O-])cc1,9.139,8.544,0.595
Quinalphos,CCOP(=S)(OCC)Oc1cnc2ccccc2n1,9.139,8.801,0.338
Diazepam,CN1C(=O)CN=C(c2ccccc2)c2cc(Cl)ccc21,9.139,8.239,0.9
Finasteride,CC(C)(C)NC(=O)[C@H]1CC[C@H]2[C@@H]3CC[C@H]4NC(=O)C=C[C@]4(C)[C@H]3CC[C@]12C,9.166,7.284,1.882
Isophenphos,CCOP(=S)(NC(C)C)Oc1ccccc1C(=O)OC(C)C,9.166,8.686,0.48
Clomifene,CCN(CC)CCOc1ccc(C(=C(Cl)c2ccccc2)c2ccccc2)cc1,9.174,9.222,0.048
Glibenclamide,COc1ccc(Cl)cc1C(=O)NCCc1ccc(S(=O)(=O)NC(=O)NC2CCCCC2)cc1,9.18,8.695,0.485
Triflumizole,CCCOC/C(=N\c1ccc(Cl)cc1C(F)(F)F)n1ccnc1,9.186,7.817,1.369
Etizolam,CCc1cc2c(s1)-n1c(C)nnc1CN=C2c1ccccc1Cl,9.196,8.201,0.995
Captodiamine,CCCCSc1ccc(C(SCCN(C)C)c2ccccc2)cc1,9.225,8.299,0.926
Canrenoic acid,C[C@]12CCC(=O)C=C1C=C[C@@H]1[C@@H]2CC[C@@]2(C)[C@H]1CC[C@@]2(O)CCC(=O)O,9.239,8.305,0.934
Cyflufenamide,O=C(Cc1ccccc1)N/C(=N\OCC1CC1)c1c(C(F)(F)F)ccc(F)c1F,9.25,7.927,1.323
Fenoverine,O=C(CN1CCN(Cc2ccc3c(c2)OCO3)CC1)N1c2ccccc2Sc2ccccc21,9.259,10.432,1.173
Benzbromarone,CCc1oc2ccccc2c1C(=O)c1cc(Br)c(O)c(Br)c1,9.268,8.748,0.52
Propiconazole,CCCC1COC(Cn2cncn2)(c2ccc(Cl)cc2Cl)O1,9.303,7.8,1.503
Diflufenican,O=C(Nc1ccc(F)cc1F)c1cccnc1Oc1cccc(C(F)(F)F)c1,9.307,8.587,0.72
Thioridazine,CSc1ccc2c(c1)N(CCC1CCCCN1C)c1ccccc1S2,9.31,7.993,1.317
Noscapine,COc1ccc2c(c1OC)C(=O)O[C@@H]2[C@H]1c2c(cc3c(c2OC)OCO3)CCN1C,9.316,7.926,1.39
Isaconazole,Clc1ccc(C(Cn2ccnc2)OCc2c(Cl)cccc2Cl)c(Cl)c1,9.324,10.571,1.247
Hexaflumuron,O=C(NC(=O)c1c(F)cccc1F)Nc1cc(Cl)c(OC(F)(F)C(F)F)c(Cl)c1,9.324,8.386,0.938
Pirimiphos methyl,CCN(CC)c1nc(C)cc(OP(=S)(OC)OC)n1,9.328,8.26,1.068
Fenthion,COP(=S)(OC)Oc1ccc(SC)c(C)c1,9.355,7.698,1.657
11-OH-THC,CCCCCc1cc(O)c2c(c1)OC(C)(C)[C@@H]1CCC(CO)=C[C@@H]21,9.365,8.819,0.546
Nelfinavir,Cc1c(O)cccc1C(=O)N[C@@H](CSc1ccccc1)[C@H](O)CN1C[C@H]2CCCC[C@H]2C[C@H]1C(=O)NC(C)(C)C,9.383,11.134,1.751
Lufenuron,O=C(NC(=O)c1c(F)cccc1F)Nc1cc(Cl)c(OC(F)(F)C(F)C(F)(F)F)cc1Cl,9.393,9.168,0.225
Bromadiolone,O=c1oc2ccccc2c(O)c1C(CC(O)c1ccc(-c2ccc(Br)cc2)cc1)c1ccccc1,9.394,10.839,1.445
Aclonifen,Nc1c([N+](=O)[O-])ccc(Oc2ccccc2)c1Cl,9.394,7.8,1.594
Disulfoton,CCOP(=S)(OCC)SCCSCC,9.402,7.582,1.82
Fluazinam,O=[N+]([O-])c1cc(C(F)(F)F)c(Cl)c([N+](=O)[O-])c1Nc1ncc(C(F)(F)F)cc1Cl,9.406,10.386,0.98
Kresoxim-methyl,CO/N=C(/C(=O)OC)c1ccccc1COc1ccccc1C,9.411,9.109,0.302
Deschloroetizolam,CCc1cc2c(s1)-n1c(C)nnc1CN=C2c1ccccc1,9.428,8.052,1.376
Loprazolam,CN1CCN(/C=C2\N=C3CN=C(c4ccccc4Cl)c4cc([N+](=O)[O-])ccc4N3C2=O)CC1,9.47,9.745,0.275
Halofantrine,CCCCN(CCCC)CCC(O)c1cc2c(Cl)cc(Cl)cc2c2cc(C(F)(F)F)ccc12,9.471,9.867,0.396
Cannabidiol,C=C(C)[C@@H]1CC=C(C)C[C@H]1c1c(O)cc(CCCCC)cc1O,9.472,8.249,1.223
Tebufenpyrad,CCc1nn(C)c(C(=O)NCc2ccc(C(C)(C)C)cc2)c1Cl,9.505,8.287,1.218
Atazanavir,COC(=O)N[C@H](C(=O)N[C@@H](Cc1ccccc1)[C@@H](O)CN(Cc1ccc(-c2ccccn2)cc1)NC(=O)[C@@H](NC(=O)OC)C(C)(C)C)C(C)(C)C,9.509,10.88,1.371
CP 47 497,CCCCCCC(C)(C)c1ccc([C@@H]2CCC[C@H](O)C2)c(O)c1,9.513,8.16,1.353
Phoxime,CCOP(=S)(OCC)O/N=C(\C#N)c1ccccc1,9.523,8.19,1.333
JWH-018 pentanoic acid,O=C(O)CCCCn1cc(C(=O)c2cccc3ccccc23)c2ccccc21,9.543,10.176,0.633
Digitoxin,C[C@H]1O[C@@H](O[C@H]2[C@@H](O)C[C@H](O[C@H]3[C@@H](O)C[C@H](O[C@H]4CC[C@@]5(C)[C@H](CC[C@@H]6[C@@H]5CC[C@]5(C)[C@@H](C7=CC(=O)OC7)CC[C@]65O)C4)O[C@@H]3C)O[C@@H]2C)C[C@H](O)[C@@H]1O,9.6,8.543,1.057
Terbufos,CCOP(=S)(OCC)SCSC(C)(C)C,9.603,8.001,1.602
Bromopropylate,CC(C)OC(=O)C(O)(c1ccc(Br)cc1)c1ccc(Br)cc1,9.646,9.742,0.096
Profenophos,CCCSP(=O)(OCC)Oc1ccc(Br)cc1Cl,9.662,9.029,0.633
THC-COOH,CCCCCc1cc(O)c2c(c1)OC(C)(C)[C@@H]1CCC(C(=O)O)=C[C@@H]21,9.679,8.412,1.267
Azinphos-ethyl,CCOP(=S)(OCC)SCn1nnc2ccccc2c1=O,9.688,8.69,0.998
Fenvalerate,CC(C)C(C(=O)OC(C#N)c1cccc(Oc2ccccc2)c1)c1ccc(Cl)cc1,9.688,11.474,1.786
Chlorpyriphos-methyl,COP(=S)(OC)Oc1nc(Cl)c(Cl)cc1Cl,9.69,8.662,1.028
Flucythrinate,CC(C)C(C(=O)OC(C#N)c1cccc(Oc2ccccc2)c1)c1ccc(OC(F)F)cc1,9.69,10.649,0.959
Trifluralin,CCCN(CCC)c1c([N+](=O)[O-])cc(C(F)(F)F)cc1[N+](=O)[O-],9.737,8.324,1.413
Reserpine,COC(=O)[C@H]1[C@H]2C[C@@H]3c4[nH]c5cc(OC)ccc5c4CCN3C[C@H]2C[C@@H](OC(=O)c2cc(OC)c(OC)c(OC)c2)[C@@H]1OC,9.74,9.71,0.03
Glimepiride,CCC1=C(C)CN(C(=O)NCCc2ccc(S(=O)(=O)NC(=O)N[C@H]3CC[C@H](C)CC3)cc2)C1=O,9.741,8.515,1.226
Oxadiazon,CC(C)Oc1cc(-n2nc(C(C)(C)C)oc2=O)c(Cl)cc1Cl,9.744,9.014,0.73
Prochloraz,CCCN(CCOc1c(Cl)cc(Cl)cc1Cl)C(=O)n1ccnc1,9.758,8.829,0.929
Trifloxystrobin,CO/N=C(/C(=O)OC)c1ccccc1CO/N=C(\C)c1cccc(C(F)(F)F)c1,9.766,9.605,0.161
Benfluralin,CCCCN(CC)c1c([N+](=O)[O-])cc(C(F)(F)F)cc1[N+](=O)[O-],9.781,8.157,1.624
Fluroxypyr-1-methylheptylester,CCCCCCC(C)OC(=O)COc1nc(F)c(Cl)c(N)c1Cl,9.786,7.929,1.857
Buprofezin,CC(C)N1C(=O)N(c2ccccc2)CS/C1=N/C(C)(C)C,9.823,8.446,1.377
Meclozine,Cc1cccc(CN2CCN(C(c3ccccc3)c3ccc(Cl)cc3)CC2)c1,9.846,9.989,0.143
Prazepam,O=C1CN=C(c2ccccc2)c2cc(Cl)ccc2N1CC1CC1,9.861,8.523,1.338
Exemestane,C=C1C[C@@H]2[C@H](CC[C@]3(C)C(=O)CC[C@@H]23)[C@@]2(C)C=CC(=O)C=C12,9.862,8.35,1.512
Bromophos-methyl,COP(=S)(OC)Oc1cc(Cl)c(Br)cc1Cl,9.865,9.065,0.8
Pirimiphos ethyl,CCOP(=S)(OCC)Oc1cc(C)nc(N(CC)CC)n1,9.871,9.675,0.196
Acetyldigitoxin,CC(=O)O[C@H]1C[C@H](O[C@H]2[C@@H](O)C[C@H](O[C@H]3[C@@H](O)C[C@H](O[C@H]4CC[C@@]5(C)[C@H](CC[C@@H]6[C@@H]5CC[C@]5(C)[C@@H](C7=CC(=O)OC7)CC[C@]65O)C4)O[C@@H]3C)O[C@@H]2C)O[C@H](C)[C@H]1O,9.877,9.678,0.199
Indoxacarb,COC(=O)N(C(=O)N1CO[C@@]2(C(=O)OC)Cc3cc(Cl)ccc3C2=N1)c1ccc(OC(F)(F)F)cc1,9.915,10.049,0.134
Flufenoxuron,O=C(NC(=O)c1c(F)cccc1F)Nc1ccc(Oc2ccc(C(F)(F)F)cc2Cl)cc1F,9.936,10.672,0.736
Lopinavir,Cc1cccc(C)c1OCC(=O)N[C@@H](Cc1ccccc1)[C@@H](O)C[C@H](Cc1ccccc1)NC(=O)[C@H](C(C)C)N1CCCNC1=O,9.942,11.794,1.852
Desethylamiodarone,CCCCc1oc2ccccc2c1C(=O)c1cc(I)c(OCCNCC)c(I)c1,9.945,9.741,0.204
Difenoconazole,CC1COC(Cn2cncn2)(c2ccc(Oc3ccc(Cl)cc3)cc2Cl)O1,9.954,10.731,0.777
Phosalone,CCOP(=S)(OCC)SCn1c(=O)oc2cc(Cl)ccc21,9.956,9.987,0.031
Bifenox,COC(=O)c1cc(Oc2ccc(Cl)cc2Cl)ccc1[N+](=O)[O-],9.958,9.147,0.811
Pyraclostrobine,COC(=O)N(OC)c1ccccc1COc1ccn(-c2ccc(Cl)cc2)n1,9.987,9.385,0.602
Suriclone,CN1CCN(C(=O)OC2C3=C(SCCS3)C(=O)N2c2ccc3ccc(Cl)nc3n2)CC1,10.021,9.263,0.758
Cannabinol,CCCCCc1cc(O)c2c(c1)OC(C)(C)c1ccc(C)cc1-2,10.058,10.073,0.015
Benzoximate,CCON=C(OC(=O)c1ccccc1)c1c(OC)ccc(Cl)c1OC,10.06,9.362,0.698
Difenacoum,O=c1oc2ccccc2c(O)c1C1CC(c2ccc(-c3ccccc3)cc2)Cc2ccccc21,10.07,11.815,1.745
Amcinonide,CC(=O)OCC(=O)[C@@]12OC3(CCCC3)O[C@@H]1C[C@H]1[C@@H]3CCC4=CC(=O)C=C[C@]4(C)[C@@]3(F)[C@@H](O)C[C@@]12C,10.073,10.49,0.417
Econazole,Clc1ccc(COC(Cn2ccnc2)c2ccc(Cl)cc2Cl)cc1,10.076,10.073,0.003
Alpidem,CCCN(CCC)C(=O)Cc1c(-c2ccc(Cl)cc2)nc2ccc(Cl)cn12,10.132,9.983,0.149
Dialifos,CCOP(=S)(OCC)SC(CCl)N1C(=O)c2ccccc2C1=O,10.152,10.232,0.08
Fenofibrate,CC(C)OC(=O)C(C)(C)Oc1ccc(C(=O)c2ccc(Cl)cc2)cc1,10.181,10.324,0.143
Chlorpyriphos-ethyl,CCOP(=S)(OCC)Oc1nc(Cl)c(Cl)cc1Cl,10.194,10.08,0.114
Quizalofop ethyl,CCOC(=O)C(C)Oc1ccc(Oc2cnc3cc(Cl)ccc3n2)cc1,10.233,10.325,0.092
THC,CCCCCc1cc(O)c2c(c1)OC(C)(C)[C@@H]1CCC(C)=C[C@@H]21,10.251,9.265,0.986
Spiromesifen,Cc1cc(C)c(C2=C(OC(=O)CC(C)(C)C)C3(CCCC3)OC2=O)c(C)c1,10.251,10.67,0.419
Ethion,CCOP(=S)(OCC)SCSP(=S)(OCC)OCC,10.257,11.677,1.42
Bromocriptine,CC(C)C[C@H]1C(=O)N2CCC[C@H]2[C@]2(O)O[C@](NC(=O)[C@@H]3C=C4c5cccc6[nH]c(Br)c(c56)C[C@H]4N(C)C3)(C(C)C)C(=O)N12,10.294,9.233,1.061
Pyriproxyfen,CC(COc1ccc(Oc2ccccc2)cc1)Oc1ccccn1,10.3,9.533,0.767
Pyrazophos,CCOC(=O)c1cn2nc(OP(=S)(OCC)OCC)cc2nc1C,10.312,9.999,0.313
Spironolactone,CC(=O)S[C@@H]1CC2=CC(=O)CC[C@]2(C)[C@H]2CC[C@@]3(C)[C@@H](CC[C@@]34CCC(=O)O4)[C@H]12,10.322,9.926,0.396
Bromophos ethyl,CCOP(=S)(OCC)Oc1cc(Cl)c(Br)cc1Cl,10.349,9.926,0.423
Spinosad,CCC1CCCC(OC2CCC(N(C)C)C(C)O2)[C@@H](C)C(=O)C2=CC3[C@@H]4CC(OC5OC(C)C(OC)C(OC)C5OC)CC4C=C[C@H]3[C@@H]2CC(=O)O1,10.359,12.009,1.65
Coumaphos,CCOP(=S)(OCC)Oc1ccc2c(C)c(Cl)c(=O)oc2c1,10.369,9.987,0.382
Carbophenothion,CCOP(=S)(OCC)SCSc1ccc(Cl)cc1,10.388,10.269,0.119
Clotrimazole,Clc1ccccc1C(c1ccccc1)(c1ccccc1)n1ccnc1,10.447,8.955,1.492
Chlorthiophos,CCOP(=S)(OCC)Oc1cc(Cl)c(SC)cc1Cl,10.449,10.599,0.15
Prothiophos,CCCSP(=S)(OCC)Oc1ccc(Cl)cc1Cl,10.455,9.924,0.531
Cortivazol,CC(=O)OCC(=O)[C@@]1(O)[C@H](C)C[C@H]2[C@@H]3C=C(C)C4=Cc5c(cnn5-c5ccccc5)C[C@]4(C)[C@H]3[C@@H](O)C[C@@]21C,10.469,10.826,0.357
Miconazole,Clc1ccc(COC(Cn2ccnc2)c2ccc(Cl)cc2Cl)c(Cl)c1,10.472,11.389,0.917
Chlormadinone acetate,CC(=O)O[C@]1(C(C)=O)CC[C@H]2[C@@H]3C=C(Cl)C4=CC(=O)CC[C@]4(C)[C@H]3CC[C@@]21C,10.484,9.862,0.622
Spirodiclofen,CCC(C)(C)C(=O)OC1=C(c2cc(Cl)cc(Cl)c2)C(=O)OC12CCCCC2,10.485,11.056,0.571
Dioxathion,CCOP(=S)(OCC)SC1OCCOC1SP(=S)(OCC)OCC,10.494,10.978,0.484
Acrinathrin,CC1(C)[C@H](C(=O)O[C@H](C#N)c2cccc(Oc3ccccc3)c2)[C@@H]1/C=C\C(=O)OC(C(F)(F)F)C(F)(F)F,10.501,10.613,0.112
Loratadine,CCOC(=O)N1CCC(=C2c3ccc(Cl)cc3CCc3cccnc32)CC1,10.513,9.132,1.381
Fenpropathrin,CC1(C)C(C(=O)O[C@H](C#N)c2cccc(Oc3ccccc3)c2)C1(C)C,10.519,9.683,0.836
JWH-203,CCCCCn1cc(C(=O)Cc2ccccc2Cl)c2ccccc21,10.521,9.212,1.309
JWH-250,CCCCCn1cc(C(=O)Cc2ccccc2OC)c2ccccc21,10.541,8.7,1.841
Ketoconazole,CC(=O)N1CCN(c2ccc(OC[C@H]3CO[C@](Cn4ccnc4)(c4ccc(Cl)cc4Cl)O3)cc2)CC1,10.577,11.405,0.828
Beclometazone dipropionate,CCC(=O)OCC(=O)[C@@]1(OC(=O)CC)[C@@H](C)C[C@H]2[C@@H]3CCC4=CC(=O)C=C[C@]4(C)[C@@]3(Cl)[C@@H](O)C[C@@]21C,10.581,10.233,0.348
Amiodarone,CCCCc1oc2ccccc2c1C(=O)c1cc(I)c(OCCN(CC)CC)c(I)c1,10.585,9.392,1.193
Propaquizafop,CC(C)=NOCCOC(=O)[C@@H](C)Oc1ccc(Oc2cnc3cc(Cl)ccc3n2)cc1,10.608,10.783,0.175
Canrenone,C[C@]12CCC(=O)C=C1C=C[C@@H]1[C@@H]2CC[C@@]2(C)[C@H]1CC[C@@]21CCC(=O)O1,10.675,9.478,1.197
JWH-015,CCCn1c(C)c(C(=O)c2cccc3ccccc23)c2ccccc21,10.677,10.08,0.597
Milbemectin A4,CC[C@H]1O[C@]2(CC[C@@H]1C)C[C@@H]1C[C@@H](C/C=C(\C)C[C@@H](C)/C=C/C=C3\CO[C@@H]4[C@H](O)C(C)=C[C@@H](C(=O)O1)[C@]34O)O2,10.736,10.769,0.033
Atovaquone,O=C1C(O)=C([C@H]2CC[C@H](c3ccc(Cl)cc3)CC2)C(=O)c2ccccc21,10.77,9.674,1.096
Fluvalinate,CC(C)C(Nc1ccc(C(F)(F)F)cc1Cl)C(=O)OC(C#N)c1cccc(Oc2ccccc2)c1,10.789,12.094,1.305
Fenpyroximate,Cc1nn(C)c(Oc2ccccc2)c1/C=N/OCc1ccc(C(=O)OC(C)(C)C)cc1,10.829,9.694,1.135
AM 2201,O=C(c1cccc2ccccc12)c1cn(CCCCCF)c2ccccc12,10.849,8.956,1.893
Phenothrin,CC(C)=CC1C(C(=O)OCc2cccc(Oc3ccccc3)c2)C1(C)C,10.852,9.068,1.784
Bifenthrin,Cc1c(COC(=O)C2C(/C=C(\Cl)C(F)(F)F)C2(C)C)cccc1-c1ccccc1,10.914,10.121,0.793
JWH-073,CCCCn1cc(C(=O)c2cccc3ccccc23)c2ccccc21,10.926,9.206,1.72
Pyridaben,CC(C)(C)c1ccc(CSc2cnn(C(C)(C)C)c(=O)c2Cl)cc1,10.934,9.482,1.452
Esfenvalerate,CC(C)[C@H](C(=O)O[C@H](C#N)c1cccc(Oc2ccccc2)c1)c1ccc(Cl)cc1,10.946,11.016,0.07
Pyridate,CCCCCCCCSC(=O)Oc1cc(Cl)nnc1-c1ccccc1,10.977,10.84,0.137
JWH-007,CCCCCn1c(C)c(C(=O)c2cccc3ccccc23)c2ccccc21,11.092,10.595,0.497
JWH-018,CCCCCn1cc(C(=O)c2cccc3ccccc23)c2ccccc21,11.105,9.68,1.425
Etofenprox,CCOc1ccc(C(C)(C)COCc2cccc(Oc3ccccc3)c2)cc1,11.155,11.257,0.102
JWH-019,CCCCCCn1cc(C(=O)c2cccc3ccccc23)c2ccccc21,11.202,10.154,1.048
JWH-122,CCCCCn1cc(C(=O)c2ccc(C)c3ccccc23)c2ccccc21,11.255,9.635,1.62
JWH-020,CCCCCCCn1cc(C(=O)c2cccc3ccccc23)c2ccccc21,11.285,10.628,0.657
JWH-210,CCCCCn1cc(C(=O)c2ccc(CC)c3ccccc23)c2ccccc21,11.359,10.228,1.131
