Compound Name,SMILES,RT (min)
Putrescine,NCCCCN,0.779
Glyphosate,O=C(O)CNCP(=O)(O)O,0.784
Taurine,NCCS(=O)(=O)O,0.789
Atrazine-desethyldesisopropyl-2-hydroxy,Nc1nc(N)nc(O)n1,0.846
Morpholin,C1COCCN1,0.858
Cytosine,Nc1ccnc(=O)[nH]1,0.891
Carnitine,C[N+](C)(C)CC(O)CC(=O)[O-],0.931
Vigabatrin,C=CC(N)CCC(=O)O,0.95
Levodopa,N[C@@H](Cc1ccc(O)c(O)c1)C(=O)O,0.962
Pyrazinoic acid,O=C(O)c1cnccn1,1.025
Ribavirine,NC(=O)c1ncn([C@@H]2O[C@H](CO)[C@@H](O)[C@H]2O)n1,1.037
GHB,O=C(O)CCCO,1.111
Flucytosine,Nc1nc(O)ncc1F,1.114
Dimethyldithiophosphate (DMDTP),COP(=S)(S)OC,1.119
Metformin,CN(C)C(=N)NC(=N)N,1.192
Dopamine,NCCc1ccc(O)c(O)c1,1.226
Trans trans muconic acid,O=C(O)/C=C/C=C/C(=O)O,1.233
Uridine,O=c1ccn([C@@H]2O[C@H](CO)[C@@H](O)[C@H]2O)c(=O)[nH]1,1.263
Nicotinic acid,O=C(O)c1cccnc1,1.34
Allopurinol,O=c1nc[nH]c2[nH]ncc12,1.472
5-fluorouridine,O=c1[nH]c(=O)n([C@@H]2O[C@H](CO)[C@@H](O)[C@H]2O)cc1F,1.523
Ethylene-thiouree,S=C1NCCN1,1.59
Daminozide,CN(C)NC(=O)CCC(=O)O,1.591
Sulbactam,CC1(C)[C@H](C(=O)O)N2C(=O)C[C@H]2S1(=O)=O,1.75
Hydroxytryptophan,O=C(O)C(Cc1c[nH]c2ccccc12)NO,1.758
Ecgonine methylester,COC(=O)[C@@H]1C2CCC(C[C@@H]1O)N2C,1.798
Amoxicillin,CC1(C)S[C@@H]2[C@H](NC(=O)[C@H](N)c3ccc(O)cc3)C(=O)N2[C@H]1C(=O)O,1.837
5-Chlorouracil,O=c1[nH]cc(Cl)c(=O)[nH]1,1.872
Ganciclovir,Nc1nc2c(ncn2COC(CO)CO)c(=O)[nH]1,1.904
Pyridoxine,Cc1ncc(CO)c(CO)c1O,1.922
Acetylisoniazide,CC(=O)NNC(=O)c1ccncc1,1.948
Isoniazide,NNC(=O)c1ccncc1,2.005
Methamidophos,COP(N)(=O)SC,2.527
Deoxyguanosine,Nc1nc2c(ncn2[C@H]2C[C@H](O)[C@@H](CO)O2)c(=O)[nH]1,2.563
Piracetam,NC(=O)CN1CCCC1=O,2.594
Sulfaguanidine,N=C(N)NS(=O)(=O)c1ccc(N)cc1,2.67
Isoprenaline,CC(C)NC[C@@H](O)c1ccc(O)c(O)c1,2.696
Aciclovir,Nc1nc2c(ncn2COCCO)c(=O)[nH]1,2.741
Propylene thiourea,CC1CNC(=S)N1,2.751
Morphine-6-glucuronide,CN1CC[C@]23c4c5ccc(O)c4O[C@H]2[C@@H](O[C@@H]2O[C@H](C(=O)O)[C@@H](O)[C@H](O)[C@H]2O)C=C[C@H]3[C@H]1C5,2.775
Etilefrine,CCNCC(O)c1cccc(O)c1,2.832
Tenofovir,C[C@H](Cn1cnc2c(N)ncnc21)OCP(=O)(O)O,2.884
Heptaminol,CC(N)CCCC(C)(C)O,2.927
Normorphine,Oc1ccc2c3c1O[C@H]1[C@@H](O)C=C[C@H]4[C@@H](C2)NCC[C@@]341,2.929
Pyrazinamide,NC(=O)c1cnccn1,2.949
Adenosine,Nc1ncnc2c1ncn2[C@@H]1O[C@H](CO)[C@@H](O)[C@H]1O,2.954
Tazobactam,C[C@]1(Cn2ccnn2)[C@H](C(=O)O)N2C(=O)C[C@H]2S1(=O)=O,3.006
Acephate,COP(=O)(NC(C)=O)SC,3.058
Dihydralazine,N/N=c1\[nH][nH]/c(=N\N)c2ccccc12,3.059
Betahistine,CNCCc1ccccn1,3.072
Cefadroxil,CC1=C(C(=O)O)N2C(=O)[C@@H](NC(=O)[C@H](N)c3ccc(O)cc3)[C@H]2SC1,3.076
Paracetamol,CC(=O)Nc1ccc(O)cc1,3.1
Phenylbiguanide,N=C(N)NC(=N)Nc1ccccc1,3.121
Crotaline,C[C@H]1C(=O)O[C@@H]2CCN3CC=C(COC(=O)[C@](C)(O)[C@]1(C)O)[C@H]23,3.158
Folinic acid,Nc1nc2c(c(=O)[nH]1)N(C=O)C(CNc1ccc(C(=O)NC(CCC(=O)O)C(=O)O)cc1)CN2,3.162
"Amino-4-chloro-6-benzene-1,3-disulfonamide",Nc1cc(Cl)c(S(N)(=O)=O)cc1S(N)(=O)=O,3.173
Aztreonam,C[C@H]1[C@H](NC(=O)/C(=N\OC(C)(C)C(=O)O)c2csc([NH3+])n2)C(=O)N1S(=O)(=O)[O-],3.197
Psilocybine,CN(C)CCc1c[nH]c2cccc(OP(=O)(O)O)c12,3.199
Pregabalin,CC(C)C[C@H](CN)CC(=O)O,3.203
Salbutamol,CC(C)(C)NCC(O)c1ccc(O)c(CO)c1,3.21
Terbutaline,CC(C)(C)NCC(O)c1cc(O)cc(O)c1,3.22
Pirbuterol,CC(C)(C)NCC(O)c1ccc(O)c(CO)n1,3.221
Acetazolamide,CC(=O)Nc1nnc(S(N)(=O)=O)s1,3.222
Trimethylaniline,Cc1ccc(N)c(C)c1C,3.242
Lamivudine,Nc1ccn([C@@H]2CS[C@H](CO)O2)c(=O)n1,3.247
6-chloronicotinic acid,O=C(O)c1ccc(Cl)nc1,3.249
Norephedrine,CCC(N)(O)c1ccccc1,3.254
Sotalol,CC(C)NCC(O)c1ccc(NS(C)(=O)=O)cc1,3.255
Salicylic acid,O=C(O)c1ccccc1O,3.273
Norpseudoephedrine,C[C@@H](N)[C@H](O)c1ccccc1,3.275
Morphine,CN1CC[C@]23c4c5ccc(O)c4O[C@H]2[C@@H](O)C=C[C@H]3[C@H]1C5,3.282
Atenolol,CC(C)NCC(O)COc1ccc(CC(N)=O)cc1,3.291
Methomyl-oxime,CONC(C)=S,3.326
Anhydroecgonine methyl ester,COC(=O)C1=CC[C@@H]2CC[C@H]1N2C,3.342
Famotidine,NC(N)=Nc1nc(CSCCC(N)=NS(N)(=O)=O)cs1,3.354
Procarbazine,CNNCc1ccc(C(=O)NC(C)C)cc1,3.355
L-abrine,CN[C@@H](Cc1c[nH]c2ccccc12)C(=O)O,3.357
Procainamide,CCN(CC)CCNC(=O)c1ccc(N)cc1,3.362
Propamocarb,CCCOC(=O)NCCCN(C)C,3.373
Hydrochlorothiazide,NS(=O)(=O)c1cc2c(cc1Cl)NCNS2(=O)=O,3.374
Amiloride,N=C(N)NC(=O)c1nc(Cl)c(N)nc1N,3.379
Gabapentine,NCC1(CC(=O)O)CCCCC1,3.382
Cimetidine,C/N=C(\NC#N)NCCSCc1nc[nH]c1C,3.383
3-acetamidophenol,CC(=O)Nc1cccc(O)c1,3.385
Omethoate,CNC(=O)CSP(=O)(OC)OC,3.395
Cefepime,CO/N=C(\C(=O)N[C@@H]1C(=O)N2C(C(=O)[O-])=C(C[N+]3(C)CCCC3)CS[C@H]12)c1csc(N)n1,3.395
Didanosine,O=c1[nH]cnc2c1ncn2[C@H]1CC[C@@H](CO)O1,3.396
Emtricitabine,Nc1nc(=O)n([C@@H]2CS[C@H](CO)O2)cc1F,3.401
Hydromorphone,CN1CC[C@]23c4c5ccc(O)c4O[C@H]2C(=O)CC[C@H]3[C@H]1C5,3.439
1-Methyl-3-phenylpiperazine,CN1CCNC(c2ccccc2)C1,3.444
Psilocine,CN(C)CCc1c[nH]c2cccc(O)c12,3.446
Ephedrine,CN[C@@H](C)[C@H](O)c1ccccc1,3.448
Bamethan,CCCCNCC(O)c1ccc(O)cc1,3.459
Sulpiride,CCN1CCCC1CNC(=O)c1cc(S(N)(=O)=O)ccc1OC,3.466
Pilocarpine,CC[C@@H]1C(=O)OC[C@@H]1Cc1cncn1C,3.473
Cathinone,C[C@H](N)C(=O)c1ccccc1,3.479
Cefatrizine,NC(C(=O)NC1C(=O)N2C(C(=O)O)=C(CSc3cn[nH]n3)CSC12)c1ccc(O)cc1,3.482
Fenoterol,CC(Cc1ccc(O)cc1)NCC(O)c1cc(O)cc(O)c1,3.488
Dacarbazine,CN(C)/N=N/c1[nH]cnc1C(N)=O,3.489
Ceftizoxime,CO/N=C(\C(=O)N[C@@H]1C(=O)N2C(C(=O)O)=CCS[C@H]12)c1csc(N)n1,3.49
Thiocyclam,CN(C)C1CSSSC1,3.493
Dinotefuran,CNC(=N[N+](=O)[O-])NCC1CCOC1,3.494
Baclofene,NCC(CC(=O)O)c1ccc(Cl)cc1,3.494
Aniline,Nc1ccccc1,3.505
Pholcodine,CN1CC[C@]23c4c5ccc(OCCN6CCOCC6)c4O[C@H]2[C@@H](O)C=C[C@H]3[C@H]1C5,3.521
Pseudoephedrine,CN[C@@H](C)[C@@H](O)c1ccccc1,3.523
Ritodrine,C[C@H](NCCc1ccc(O)cc1)[C@H](O)c1ccc(O)cc1,3.525
Cefotetan,CO[C@@]1(NC(=O)C2SC(=C(C(N)=O)C(=O)O)S2)C(=O)N2C(C(=O)O)=C(CSc3nnnn3C)CS[C@@H]21,3.529
Asulam,COC(=O)NS(=O)(=O)c1ccc(N)cc1,3.534
Cefotiam,CN(C)CCn1nnnc1SCC1=C(C(=O)O)N2C(=O)[C@@H](NC(=O)Cc3csc(N)n3)[C@H]2SC1,3.535
Aldicarb-sulfoxide,CNC(=O)O/N=C/C(C)(C)S(C)=O,3.537
Cefpodoxime,COCC1=C(C(=O)O)N2C(=O)[C@@H](NC(=O)/C(=N\OC)c3csc(N)n3)[C@H]2SC1,3.547
Hydroflumethiazide,NS(=O)(=O)c1cc2c(cc1C(F)(F)F)NCNS2(=O)=O,3.553
Mescaline,COc1cc(CCN)cc(OC)c1OC,3.554
Cefixime,C=CC1=C(C(=O)O)N2C(=O)[C@@H](NC(=O)/C(=N\OCC(=O)O)c3csc(N)n3)[C@H]2SC1,3.556
Amiphenazol,Nc1nc(N)c(-c2ccccc2)s1,3.572
Levetiracetam,CC[C@@H](C(N)=O)N1CCCC1=O,3.576
Metronidazole,Cc1ncc([N+](=O)[O-])n1CCO,3.584
Methiopropamine,CNC(C)Cc1cccs1,3.61
Methcathinone,CNC(C)C(=O)c1ccccc1,3.619
Ranitidine,CNC(=C[N+](=O)[O-])NCCSCc1ccc(CN(C)C)o1,3.624
Diacetolol,CC(=O)Nc1ccc(OCC(O)CNC(C)C)c(C(C)=O)c1,3.624
Phenysemicarbazide,NC(=O)NNc1ccccc1,3.625
Amphetamine,CC(N)Cc1ccccc1,3.632
Theobromine,Cn1cnc2c1c(=O)[nH]c(=O)n2C,3.636
5-IT (5-(2-Aminopropyl)indole),CC(N)Cc1ccc2[nH]ccc2c1,3.641
Methylephedrine,C[C@@H]([C@H](O)c1ccccc1)N(C)C,3.658
Aldoxycarb,CNC(=O)ON=CC(C)(C)S(C)(=O)=O,3.668
MDAI,NC1Cc2cc3c(cc2C1)OCO3,3.673
3-aminophenol,Nc1cccc(O)c1,3.692
Diprophylline,Cn1c(=O)c2c(ncn2CC(O)CO)n(C)c1=O,3.695
Procaine,CCN(CC)CCOC(=O)c1ccc(N)cc1,3.704
4-Fluoroamphetamine,CC(N)Cc1ccc(F)cc1,3.708
Theophylline,Cn1c(=O)c2[nH]cnc2n(C)c1=O,3.711
Flonicamid,N#CCNC(=O)c1cnccc1C(F)(F)F,3.72
Cefuroxime,CO/N=C(\C(=O)N[C@@H]1C(=O)N2C(C(=O)O)=C(COC(N)=O)CS[C@H]12)c1ccco1,3.733
Phenylpropylamine,CCCNc1ccccc1,3.75
Alizapride,C=CCN1CCCC1CNC(=O)c1cc2nn[nH]c2cc1OC,3.756
Tiapride,CCN(CC)CCNC(=O)c1cc(S(C)(=O)=O)ccc1OC,3.76
Cefalexin,CC1=C(C(=O)O)N2C(=O)[C@@H](NC(=O)[C@H](N)c3ccccc3)[C@H]2SC1,3.764
Octen-3-ol,C=CC(O)CCCCC,3.765
Iproniazide,CC(C)NNC(=O)c1ccncc1,3.785
Scopolamine,CN1[C@@H]2C[C@@H](OC(=O)[C@H](CO)c3ccccc3)C[C@H]1[C@@H]1O[C@@H]12,3.814
Noroxycodone,COc1ccc2c3c1O[C@H]1C(=O)CC[C@@]4(O)[C@@H](C2)NCC[C@]314,3.82
Naloxone,C=CCN1CC[C@]23c4c5ccc(O)c4O[C@H]2C(=O)CC[C@@]3(O)[C@H]1C5,3.821
Aminorex,NC1=NCC(c2ccccc2)O1,3.837
Clonidine,Clc1cccc(Cl)c1NC1=NCCN1,3.837
o-desmethyltramadol,CN(C)CC1CCCCC1(O)c1cccc(O)c1,3.84
Thiamphenicol,CS(=O)(=O)c1ccc([C@@H](O)[C@@H](CO)NC(=O)C(Cl)Cl)cc1,3.857
Carteolol,CC(C)(C)NCC(O)COc1cccc2c1CCC(=O)N2,3.857
6-Methoxysalicylic acid,COc1cccc(O)c1C(=O)O,3.861
Methamphetamine,CN[C@@H](C)Cc1ccccc1,3.863
Cefoxitin,CO[C@@]1(NC(=O)Cc2cccs2)C(=O)N2C(C(=O)O)=C(COC(N)=O)CS[C@@H]21,3.863
Dihydrocodeine,COc1ccc2c3c1O[C@H]1[C@@H](O)CC[C@H]4[C@@H](C2)N(C)CC[C@@]341,3.869
Sulfadiazine,Nc1ccc(S(=O)(=O)Nc2ncccn2)cc1,3.882
MDA,CC(N)Cc1ccc2c(c1)OCO2,3.89
Retrorsine,C/C=C1/C[C@@H](C)[C@](O)(CO)C(=O)OCC2=CCN3CC[C@@H](OC1=O)[C@@H]23,3.893
Codeine,COc1ccc2c3c1O[C@H]1[C@@H](O)C=C[C@H]4[C@@H](C2)N(C)CC[C@@]341,3.901
Atrazine-desisopropyl,CCNc1nc(N)nc(Cl)n1,3.904
Nadolol,CC(C)(C)NCC(O)COc1cccc2c1C[C@H](O)[C@H](O)C2,3.904
Captopril,C[C@H](CS)C(=O)N1CCC[C@H]1C(=O)O,3.906
6-MAM,CC(=O)O[C@H]1C=C[C@H]2[C@H]3Cc4ccc(O)c5c4[C@@]2(CCN3C)[C@H]1O5,3.918
PMA (p-methoxyamphetamine),COc1ccc(CC(C)N)cc1,3.921
Cefradine,CC1=C(C(=O)O)N2C(=O)[C@@H](NC(=O)[C@H](N)C3=CCC=CC3)[C@H]2SC1,3.921
Barbital,CCC1(CC)C(=O)NC(=O)NC1=O,3.923
Cefazoline,Cc1nnc(SCC2=C(C(=O)O)N3C(=O)[C@@H](NC(=O)Cn4cnnn4)[C@H]3SC2)s1,3.924
Monocrotophos,CNC(=O)/C=C(\C)OP(=O)(OC)OC,3.926
6-acetylmorphine,CC(=O)O[C@H]1C=C[C@H]2[C@H]3Cc4ccc(O)c5c4[C@@]2(CCN3C)[C@H]1O5,3.933
Pindolol,CC(C)NCC(O)COc1cccc2[nH]ccc12,3.937
Veralipride,C=CCN1CCCC1CNC(=O)c1cc(S(N)(=O)=O)cc(OC)c1OC,3.943
MHPC (Phenmediphan metabolite),COC(=O)Nc1cccc(O)c1,3.949
Benzylpiperazine,c1ccc(CN2CCNCC2)cc1,3.956
Atraton-desisopropyl,CCNc1nc(N)nc(OC)n1,3.961
Methylone,CNC(C)C(=O)c1ccc2c(c1)OCO2,3.98
Phentermine,CC(C)(N)Cc1ccccc1,3.98
Fenproporex,CC(Cc1ccccc1)NCCC#N,3.982
Naltrexone,O=C1CC[C@@]2(O)[C@H]3Cc4ccc(O)c5c4[C@@]2(CCN3CC2CC2)[C@H]1O5,3.994
Oxycodone,COc1ccc2c3c1O[C@H]1C(=O)CC[C@@]4(O)[C@@H](C2)N(C)CC[C@]314,3.997
Perindoprilate,CCC[C@H](N[C@@H](C)C(=O)N1[C@H](C(=O)O)C[C@@H]2CCCC[C@@H]21)C(=O)O,4.013
Acetylsalicylic acid,CC(=O)Oc1ccccc1C(=O)O,4.02
Buphedrone,CCC(NC)C(=O)c1ccccc1,4.022
Ouabaine,C[C@@H]1O[C@@H](O[C@H]2C[C@@H](O)[C@]3(CO)[C@H]4[C@H](O)C[C@]5(C)[C@@H](C6=CC(=O)OC6)CC[C@]5(O)[C@@H]4CC[C@]3(O)C2)[C@H](O)[C@H](O)[C@H]1O,4.025
Oxamyl,CNC(=O)O/N=C(\SC)C(=O)N(C)C,4.037
Trimethoprime,COc1cc(Cc2cnc(N)nc2N)cc(OC)c1OC,4.038
2-amino-5-chloropyridine,Nc1ccc(Cl)cn1,4.045
Ampicilline,CC1(C)S[C@@H]2[C@H](NC(=O)[C@H](N)c3ccccc3)C(=O)N2[C@H]1C(=O)O,4.056
Nicorandil,O=C(NCCO[N+](=O)[O-])c1cccnc1,4.07
Bentazone,CC(C)N1C(=O)c2ccccc2NS1(=O)=O,4.076
Zidovudine,Cc1cn([C@H]2C[C@H](N=[N+]=[N-])[C@@H](CO)O2)c(=O)[nH]c1=O,4.108
Fluroxypyr,Nc1c(Cl)c(F)nc(OCC(=O)O)c1Cl,4.116
MDMA,CNC(C)Cc1ccc2c(c1)OCO2,4.119
Amrinone,Nc1cc(-c2ccncc2)c[nH]c1=O,4.123
Eserine,CNC(=O)Oc1ccc2c(c1)[C@]1(C)CCN(C)[C@@H]1N2C,4.128
Oxydemeton-methyl,CCS(=O)CCSP(=O)(OC)OC,4.143
PMMA (para-Methoxy-N-methylamphetamine),CNC(C)Cc1ccc(OC)cc1,4.146
Hydrocodone,COc1ccc2c3c1O[C@H]1C(=O)CC[C@H]4[C@@H](C2)N(C)CC[C@]314,4.152
Methomyl,CNC(=O)ON=C(C)SC,4.155
THPI,O=C1NC(=O)C2CC=CCC12,4.176
Oxitropium,CC[N+]1(C)[C@@H]2C[C@@H](OC(=O)[C@H](CO)c3ccccc3)C[C@H]1[C@@H]1O[C@@H]12,4.179
Cefapirine,CC(=O)OCC1=C(C(=O)O)N2C(=O)[C@@H](NC(=O)CSc3ccncc3)[C@H]2SC1,4.191
Lidocaine,CCN(CC)CC(=O)Nc1c(C)cccc1C,4.192
Desmethylvenlafaxine,CN(C)CC(c1ccc(O)cc1)C1(O)CCCCC1,4.194
Levamisole,c1ccc([C@H]2CN3CCSC3=N2)cc1,4.216
Rilmenidine,C1COC(NC(C2CC2)C2CC2)=N1,4.216
Nor-cisapride,COc1cc(N)c(Cl)cc1C(=O)N[C@@H]1CCNC[C@@H]1OC,4.228
Trichlorfon,COP(=O)(OC)C(O)C(Cl)(Cl)Cl,4.243
Mepivacaine,Cc1cccc(C)c1NC(=O)C1CCCCN1C,4.25
Amantadine,NC12CC3CC(CC(C3)C1)C2,4.256
Ritalinic acid,O=C(O)C(c1ccccc1)C1CCCCN1,4.262
Azathioprine,Cn1cnc([N+](=O)[O-])c1Sc1ncnc2nc[nH]c12,4.264
Atropine,CN1[C@@H]2CC[C@H]1C[C@@H](OC(=O)C(CO)c1ccccc1)C2,4.267
Sultopride,CCN1CCCC1CNC(=O)c1cc(S(=O)(=O)CC)ccc1OC,4.267
Tolonidine,Cc1ccc(NC2=NCCN2)c(Cl)c1,4.291
Amphepramone,CCN(CC)[C@@H](C)C(=O)c1ccccc1,4.293
Mephedrone,CNC(C)C(=O)c1ccc(C)cc1,4.295
Amfepramone,CCN(CC)C(C)C(=O)c1ccccc1,4.304
Clothianidin,C/N=C(/NCc1cnc(Cl)s1)N[N+](=O)[O-],4.304
Hydroxy-NTN (5-Hydroxy-Imidacloprid),O=[N+]([O-])/N=C1/NCC(O)N1Cc1ccc(Cl)nc1,4.31
Proxyphylline,CC(O)Cn1cnc2c1c(=O)n(C)c(=O)n2C,4.311
m-toluidine,Cc1cccc(N)c1,4.323
Demeton-s-methyl-sulfone,CCS(=O)(=O)CCSP(=O)(OC)OC,4.325
BDB,CCC(N)Cc1ccc2c(c1)OCO2,4.326
o-toluidine,Cc1ccccc1N,4.346
5-APB (5-(2-aminopropyl)benzofuran),CC(N)Cc1ccc2occc2c1,4.359
Amisulpride,CCN1CCCC1CNC(=O)c1cc(S(=O)(=O)CC)c(N)cc1OC,4.38
Tetrahydrozoline,c1ccc2c(c1)CCCC2C1=NCCN1,4.392
Norfenfluramine,CC(N)Cc1cccc(C(F)(F)F)c1,4.396
Dapsone,Nc1ccc(S(=O)(=O)c2ccc(N)cc2)cc1,4.397
Ethylmorphine,CCOc1ccc2c3c1O[C@H]1[C@@H](O)C=C[C@H]4[C@@H](C2)N(C)CC[C@@]341,4.4
Butylone,CCC(NC)C(=O)c1ccc2c(c1)OCO2,4.411
Primidone,CCC1(c2ccccc2)C(=O)NCNC1=O,4.418
MDEA,CCNC(C)Cc1ccc2c(c1)OCO2,4.42
Metoclopramide,CCN(CC)CCNC(=O)c1cc(Cl)c(N)cc1OC,4.426
Zonisamide,NS(=O)(=O)Cc1noc2ccccc12,4.439
Moclobemide,O=C(NCCN1CCOCC1)c1ccc(Cl)cc1,4.48
Tinidazole,CCS(=O)(=O)CCn1c([N+](=O)[O-])cnc1C,4.483
Trimetazidine,COc1ccc(CN2CCNCC2)c(OC)c1OC,4.489
5-hydroxy-florasulam,O=S(=O)(Nc1c(F)cccc1F)c1nc2c(F)cnc(O)n2n1,4.511
Cycloguanil,CC1(C)N=C(N)N=C(N)N1c1ccc(Cl)cc1,4.514
Methoxyphenamine,CNC(C)Cc1ccccc1OC,4.515
Fenuron,CN(C)C(=O)Nc1ccccc1,4.521
Pentedrone,CCCC(NC)C(=O)c1ccccc1,4.537
Pymetrozine,CC1=NNC(=O)N(/N=C/c2cccnc2)C1,4.537
Atrazine-desethyl,CC(C)Nc1nc(N)nc(Cl)n1,4.547
Thiametoxam,CN1COCN(Cc2cnc(Cl)s2)C1=N[N+](=O)[O-],4.554
Quinmerac,Cc1cnc2c(C(=O)O)c(Cl)ccc2c1,4.56
4-MEC,CCNC(C)C(=O)c1ccc(C)cc1,4.568
Nalbuphine,Oc1ccc2c3c1O[C@H]1[C@@H](O)CC[C@@]4(O)[C@@H](C2)N(CC2CCC2)CC[C@]314,4.571
Tapendalol,CCC(c1cccc(O)c1)C(C)CN(C)C,4.592
p-nitrophenol (PNP),O=[N+]([O-])c1ccc(O)cc1,4.592
MBDB,CCC(Cc1ccc2c(c1)OCO2)NC,4.594
Clenbuterol,CC(C)(C)NCC(O)c1cc(Cl)c(N)c(Cl)c1,4.599
Ethiofencarb-sulfoxide,CCS(=O)Cc1ccccc1OC(=O)NC,4.621
Felbamate,NC(=O)OCC(COC(N)=O)c1ccccc1,4.624
1-(4-chlorophenyl)urea,NC(=O)Nc1ccc(Cl)cc1,4.627
Lamotrigine,Nc1nnc(-c2cccc(Cl)c2Cl)c(N)n1,4.638
Norfentanyl,CCC(=O)N(c1ccccc1)C1CCNCC1,4.638
Apomorphine,CN1CCc2cccc3c2[C@H]1Cc1ccc(O)c(O)c1-3,4.641
Ornidazole,Cc1ncc([N+](=O)[O-])n1CC(O)CCl,4.643
3-hydroxycarbofuran,CNC(=O)Oc1cccc2c1OC(C)(C)C2O,4.644
Ethiofencarb-sulfone,CCS(=O)(=O)Cc1ccccc1OC(=O)NC,4.647
Lacosamide,COC[C@@H](NC(C)=O)C(=O)NCc1ccccc1,4.65
Cefamandole,Cn1nnnc1SCC1=C(C(=O)O)N2C(=O)[C@@H](NC(=O)[C@H](O)c3ccccc3)[C@H]2SC1,4.657
Nalmefene,C=C1CC[C@@]2(O)[C@H]3Cc4ccc(O)c5c4[C@@]2(CCN3CC2CC2)[C@H]1O5,4.664
M-CPP (meta-Chlorophenylpiperazine),Clc1cccc(N2CCNCC2)c1,4.68
Meclofenoxate,CN(C)CCOC(=O)COc1ccc(Cl)cc1,4.68
Timolol,CC(C)(C)NC[C@H](O)COc1nsnc1N1CCOCC1,4.681
N-acetyl-dapsone,CC(=O)Nc1ccc(S(=O)(=O)c2ccc(N)cc2)cc1,4.685
Triamterene,Nc1nc(N)c2nc(-c3ccccc3)c(N)nc2n1,4.708
O-CPP (O-Chlorophenylpiperazine),Clc1ccccc1N1CCNCC1,4.708
Metoprolol,COCCc1ccc(OCC(O)CNC(C)C)cc1,4.716
Benzoylecgonine,CN1[C@H]2CC[C@@H]1[C@@H](C(=O)O)[C@@H](OC(=O)c1ccccc1)C2,4.718
4-MTA,CSc1ccc(CC(C)N)cc1,4.736
P-CPP  (P-Chlorophenylpiperazine),Clc1ccc(N2CCNCC2)cc1,4.736
Carbimazole,CCOC(=O)n1ccn(C)c1=S,4.738
Carbendazim,COC(=O)Nc1nc2ccccc2[nH]1,4.741
Chloramphenicol,O=C(N[C@H](CO)[C@H](O)c1ccc([N+](=O)[O-])cc1)C(Cl)Cl,4.744
Hydroxybupropion,CC(NC(C)(C)CO)C(=O)c1cccc(Cl)c1,4.768
Ciprofloxacin,O=C(O)c1cn(C2CC2)c2cc(N3CCNCC3)c(F)cc2c1=O,4.769
TFMPP,FC(F)(F)c1cccc(N2CCNCC2)c1,4.773
Fluconazole,OC(Cn1cncn1)(Cn1cncn1)c1ccc(F)cc1F,4.775
Selegiline,C#CCN(C)[C@H](C)Cc1ccccc1,4.776
Cafeine,Cn1c(=O)c2c(ncn2C)n(C)c1=O,4.797
Cefalotin,CC(=O)OCC1=C(C(=O)O)N2C(=O)[C@@H](NC(=O)Cc3cccs3)[C@H]2SC1,4.806
Meprobamate,CCCC(C)(COC(N)=O)COC(N)=O,4.806
Dimethoate,CNC(=O)CSP(=S)(OC)OC,4.811
Mexiletine,Cc1cccc(C)c1OCC(C)N,4.812
Diazoxide,CC1=Nc2ccc(Cl)cc2S(=O)(=O)N1,4.815
Ethidimuron,CCS(=O)(=O)c1nnc(N(C)C(=O)NC)s1,4.818
Tramadol,COc1cccc([C@@]2(O)CCCC[C@@H]2CN(C)C)c1,4.819
3-chloro-p-anisidine,COc1ccc(N)cc1Cl,4.819
Cefoperazone,CCN1CCN(C(=O)N[C@H](C(=O)N[C@@H]2C(=O)N3C(C(=O)O)=C(CSc4nnnn4C)CS[C@H]23)c2ccc(O)cc2)C(=O)C1=O,4.837
Tacrine,Nc1c2c(nc3ccccc13)CCCC2,4.843
Dexfenfluramine,CCN[C@@H](C)Cc1cccc(C(F)(F)F)c1,4.844
Chlortalidone,NS(=O)(=O)c1cc(C2(O)NC(=O)c3ccccc32)ccc1Cl,4.867
2C-B,COc1cc(CCN)c(OC)cc1Br,4.868
Pyrantel,CN1CCCN=C1/C=C/c1cccs1,4.87
2-CB,CCc1ccc(-c2ccc(C#N)cc2)cc1,4.871
"3,3'-Sulfonyldianiline",Nc1cccc(S(=O)(=O)c2cccc(N)c2)c1,4.873
Riboflavin,Cc1cc2nc3c(=O)[nH]c(=O)nc-3n(C[C@H](O)[C@H](O)[C@H](O)CO)c2cc1C,4.883
4-chloroaniline,Nc1ccc(Cl)cc1,4.894
Aprobarbital,C=CCC1(C(C)C)C(=O)NC(=O)NC1=O,4.894
Mefenorex,CC(Cc1ccccc1)NCCCCl,4.907
"2,4-D (2,4-Dichlorophenoxyacetic acid)",O=C(O)COc1ccc(Cl)cc1Cl,4.917
Vamidothion,CNC(=O)C(C)SCCSP(=O)(OC)OC,4.949
Mephenesine,Cc1ccccc1OCC(O)CO,4.958
Cafedrine,C[C@H](NCCn1cnc2c1c(=O)n(C)c(=O)n2C)[C@H](O)c1ccccc1,4.959
Norketamine,NC1(c2ccccc2Cl)CCCCC1=O,4.963
Levobunolol,CC(C)(C)NC[C@H](O)COc1cccc2c1CCCC2=O,4.967
Methylclothiazide,CN1C(CCl)Nc2cc(Cl)c(S(N)(=O)=O)cc2S1(=O)=O,4.968
Carbutamide,CCCCNC(=O)NS(=O)(=O)c1ccc(N)cc1,4.976
Ropivacaine,CCCN1CCCCC1C(=O)Nc1c(C)cccc1C,4.98
Ropivacaine Hydrochloride,CCCN1CCCC[C@H]1C(=O)Nc1c(C)cccc1C,4.986
Viloxazine,CCOc1ccccc1OCC1CNCCO1,4.993
"MDPBP (3',4'-methylenedioxy-a-pyrrolidinobutiophenone)",CCC(C(=O)c1ccc2c(c1)OCO2)N1CCCC1,4.996
Minoxidil,[H]/N=c1\nc(N2CCCCC2)cc(N)n1O,5.01
Guanfacine,N=C(N)NC(=O)Cc1c(Cl)cccc1Cl,5.027
Metamitron,Cc1nnc(-c2ccccc2)c(=O)n1N,5.033
Methocarbamol,COc1ccccc1OCC(O)COC(N)=O,5.041
Sulfadoxine,COc1ncnc(NS(=O)(=O)c2ccc(N)cc2)c1OC,5.076
Valpromide,CCCC(CCC)C(N)=O,5.116
Tiemonium,C[N+]1(CCC(O)(c2ccccc2)c2cccs2)CCOCC1,5.122
Naringin,C[C@@H]1O[C@@H](O[C@H]2[C@H](Oc3cc(O)c4c(c3)O[C@H](c3ccc(O)cc3)CC4=O)O[C@H](CO)[C@@H](O)[C@@H]2O)[C@H](O)[C@H](O)[C@H]1O,5.123
PVP,CCCC(C(=O)c1ccccc1)N1CCCC1,5.126
MCPA,Cc1cc(Cl)ccc1OCC(=O)O,5.136
Rufinamide,NC(=O)c1cn(Cc2c(F)cccc2F)nn1,5.138
Methiocarb-sulfoxide,CNC(=O)Oc1cc(C)c(S(C)=O)c(C)c1,5.139
Ambroxol,Nc1c(Br)cc(Br)cc1CN[C@H]1CC[C@H](O)CC1,5.149
Esmolol,COC(=O)CCc1ccc(OCC(O)CNC(C)C)cc1,5.152
Pethidine,CCOC(=O)C1(c2ccccc2)CCN(C)CC1,5.152
Molsidomine,CCO/C([O-])=N/c1c[n+](N2CCOCC2)no1,5.161
Erythrohydrobupropion,CC(NC(C)(C)C)C(O)c1cccc(Cl)c1,5.168
Brallobarbital,C=CCC1(CC(=C)Br)C(=O)NC(=O)NC1=O,5.17
Digoxigenin,C[C@]12CC[C@H](O)C[C@H]1CC[C@@H]1[C@@H]2C[C@@H](O)[C@]2(C)[C@@H](C3=CC(=O)OC3)CC[C@]12O,5.191
Heroin,CC(=O)Oc1ccc2c3c1O[C@H]1[C@@H](OC(C)=O)C=C[C@H]4[C@@H](C2)N(C)CC[C@@]341,5.197
Ketamine,CNC1(c2ccccc2Cl)CCCCC1=O,5.2
Phenacetin,CCOc1ccc(NC(C)=O)cc1,5.2
Pheniramine,CN(C)CCC(c1ccccc1)c1ccccn1,5.215
Phenobarbital,CCC1(c2ccccc2)C(=O)NC(=O)NC1=O,5.217
DOB,COc1cc(CC(C)N)c(OC)cc1Br,5.231
Bupropion,CC(NC(C)(C)C)C(=O)c1cccc(Cl)c1,5.235
Dehydronorketamine,NC1(c2ccccc2Cl)CCC=CC1=O,5.241
4-bromoaniline,Nc1ccc(Br)cc1,5.247
Fenozolone,CCNC1=NC(=O)C(c2ccccc2)O1,5.256
Geneserine salicylate,CNC(=O)Oc1ccc2c(c1)[C@]1(C)CCN(C)OC1N2C,5.258
Aminoglutethimide,CCC1(c2ccc(N)cc2)CCC(=O)NC1=O,5.269
Imidacloprid,O=[N+]([O-])NC1=NCCN1Cc1ccc(Cl)nc1,5.288
Mevinphos,COC(=O)/C=C(\C)OP(=O)(OC)OC,5.299
Niaprazine,CC(CCN1CCN(c2ccc(F)cc2)CC1)NC(=O)c1cccnc1,5.309
Ajmaline,CC[C@H]1[C@@H]2C[C@H]3[C@@H]4N(C)c5ccccc5[C@]45C[C@@H](C2[C@H]5O)N3[C@@H]1O,5.309
DPP (Diphenylprolinol),OC(c1ccccc1)(c1ccccc1)[C@@H]1CCCN1,5.313
3-methyl-4-nitrophenol,Cc1cc(O)ccc1[N+](=O)[O-],5.315
Cocaine,COC(=O)[C@H]1[C@@H](OC(=O)c2ccccc2)C[C@@H]2CC[C@H]1N2C,5.336
Threohydrobupropion,CC(NC(C)(C)C)C(O)c1cccc(Cl)c1,5.338
"2,6-dimethylaniline",Cc1cccc(C)c1N,5.339
4'-methyl-a-pyrrolidinobutiophenone,CCC(C(=O)c1ccc(C)cc1)N1CCCC1,5.344
Noralfentanil,CCC(=O)N(c1ccccc1)C1(COC)CCNCC1,5.35
10-hydroxycarbamazepine,NC(=O)N1c2ccccc2CC(O)c2ccccc21,5.354
2-CI,COc1cc(CCN)c(OC)cc1I,5.356
Mebutamate,CCC(C)C(C)(COC(N)=O)COC(N)=O,5.356
Carbetamide,CCNC(=O)[C@@H](C)OC(=O)Nc1ccccc1,5.36
7-hydroxy-amoxapine,Oc1ccc2c(c1)Oc1ccc(Cl)cc1C(N1CCNCC1)=N2,5.361
Butobarbital,CCCCC1(CC)C(=O)NC(=O)NC1=O,5.363
2C-E,CCc1cc(OC)c(CCN)cc1OC,5.366
Labetalol,CC(CCc1ccccc1)NCC(O)c1ccc(O)c(C(N)=O)c1,5.385
7-aminonitrazepam,Nc1ccc2c(c1)C(c1ccccc1)=NCC(=O)N2,5.386
Harman,Cc1nccc2c1[nH]c1ccccc12,5.392
Etidocaine,CCCN(CC)[C@@H](CC)C(=O)Nc1c(C)cccc1C,5.407
Aldicarb,CNC(=O)O/N=C/C(C)(C)SC,5.409
Furosemide,NS(=O)(=O)c1cc(C(=O)O)c(NCc2ccco2)cc1Cl,5.411
Yohimbine,COC(=O)[C@@H]1[C@H]2C[C@H]3c4[nH]c5ccccc5c4CCN3C[C@@H]2CC[C@@H]1O,5.419
Benzocaine,CCOC(=O)c1ccc(N)cc1,5.421
Butalbital,C=CCC1(CC(C)C)C(=O)NC(=O)NC1=O,5.43
Alfuzosine,COc1cc2nc(N(C)CCCNC(=O)C3CCCO3)nc(N)c2cc1OC,5.435
7-aminoclonazepam,Nc1ccc2c(c1)C(c1ccccc1Cl)=NCC(=O)N2,5.436
Nomifensine,CN1Cc2c(N)cccc2C(c2ccccc2)C1,5.439
Antipyrine,Cc1cc(=O)n(-c2ccccc2)n1C,5.451
Levallorphan,C=CCN1CC[C@@]23CCCC[C@H]2[C@@H]1Cc1ccc(O)cc13,5.455
Methiocarb-sulfone,CNC(=O)Oc1cc(C)c(S(C)(=O)=O)c(C)c1,5.468
Proguanil,CC(C)NC(=N)NC(=N)Nc1ccc(Cl)cc1,5.471
Clopamide,CC1CCCC(C)N1NC(=O)c1ccc(Cl)c(S(N)(=O)=O)c1,5.474
Dichlorprop,CC(Oc1ccc(Cl)cc1Cl)C(=O)O,5.475
1-(3-chloro-4-methylphenyl)urea,Cc1ccc(NC(N)=O)cc1Cl,5.477
Buflomedil,COc1cc(OC)c(C(=O)CCCN2CCCC2)c(OC)c1,5.479
Fenethylline,CC(Cc1ccccc1)NCCn1cnc2c1c(=O)n(C)c(=O)n2C,5.481
Norcocaine,COC(=O)[C@H]1[C@@H](OC(=O)c2ccccc2)C[C@@H]2CC[C@H]1N2,5.496
Monuron,CN(C)C(=O)Nc1ccc(Cl)cc1,5.499
Thiabendazole,c1ccc2[nH]c(-c3cscn3)nc2c1,5.501
Althiazide,C=CCSCC1Nc2cc(Cl)c(S(N)(=O)=O)cc2S(=O)(=O)N1,5.505
Ethoheptazine,CCOC(=O)C1(c2ccccc2)CCCN(C)CC1,5.511
Benzylthiouracyle,O=c1cc(Cc2ccccc2)[nH]c(=S)[nH]1,5.529
Methoxetamine,CCNC1(c2cccc(OC)c2)CCCCC1=O,5.533
"DMPF ( 2,5-Dimethyl-4-(1-pyrrolidinyl)-3(2H)-furanone)",CC1=C(N2CCCC2)C(=O)C(C)O1,5.535
Venlafaxine,COc1ccc(C(CN(C)C)C2(O)CCCCC2)cc1,5.539
Metolcarb,CNC(=O)Oc1cccc(C)c1,5.541
Laudanosine,COc1ccc(CC2c3cc(OC)c(OC)cc3CCN2C)cc1OC,5.567
Bupivacaine,CCCCN1CCCC[C@H]1C(=O)Nc1c(C)cccc1C,5.57
Metoxuron,COc1ccc(NC(=O)N(C)C)cc1Cl,5.57
Oxprenolol,C=CCOc1ccccc1OCC(O)CNC(C)C,5.575
DCPU,NC(=O)Nc1cc(Cl)cc(Cl)c1,5.586
"3,4-Methylenedioxypyrovalerone",CCCC(C(=O)c1ccc2c(c1)OCO2)N1CCCC1,5.588
"1-(3,4-dichlorophenyl)-urea",NC(=O)Nc1ccc(Cl)c(Cl)c1,5.593
Bromoxynil,N#Cc1cc(Br)c(O)c(Br)c1,5.597
Benzyladenine,c1ccc(CNc2ncnc3[nH]cnc23)cc1,5.615
Pentazocine,CC(C)=CCN1CC[C@@]2(C)c3cc(O)ccc3C[C@@H]1[C@@H]2C,5.617
Bisoprolol,CC(C)NCC(O)COc1ccc(COCCOC(C)C)cc1,5.618
Nadoxolol,N/C(CC(O)COc1cccc2ccccc12)=N\O,5.622
Metipranolol,CC(=O)Oc1c(C)cc(OCC(O)CNC(C)C)c(C)c1C,5.635
Azacyclonol,OC(c1ccccc1)(c1ccccc1)C1CCNCC1,5.638
"2,4,5-T",O=C(O)COc1cc(Cl)c(Cl)cc1Cl,5.638
Milnacipran,CCN(CC)C(=O)C1(c2ccccc2)CC1CN,5.641
Moxisylyte,CC(=O)Oc1cc(C(C)C)c(OCCN(C)C)cc1C,5.653
Prazosin,COc1cc2nc(N3CCN(C(=O)c4ccco4)CC3)nc(N)c2cc1OC,5.657
Ethenzamide,CCOc1ccccc1C(N)=O,5.689
Nor-LSD_Nor-iso-LSD,CCN(CC)C(=O)[C@@H]1C=C2c3cccc4[nH]cc(c34)C[C@H]2NC1,5.689
Olanzapine,Cc1cc2c(s1)Nc1ccccc1N=C2N1CCN(C)CC1,5.698
Flecainide,O=C(NCC1CCCCN1)c1cc(OCC(F)(F)F)ccc1OCC(F)(F)F,5.704
Triclopyr,O=C(O)COc1nc(Cl)c(Cl)cc1Cl,5.708
Milrinone,Cc1[nH]c(=O)c(C#N)cc1-c1ccncc1,5.71
Toloxatone,Cc1cccc(N2CC(CO)OC2=O)c1,5.72
Mecoprop,Cc1cc(Cl)ccc1OC(C)C(=O)O,5.726
Desmethylmirtazapine,c1ccc2c(c1)Cc1cccnc1N1CCNCC21,5.727
Tenoxicam,CN1C(C(=O)Nc2ccccn2)=C(O)c2sccc2S1(=O)=O,5.731
Simazine,CCNc1nc(Cl)nc(NCC)n1,5.732
Alprenolol,C=CCc1ccccc1OCC(O)CNC(C)C,5.733
Piperacillin,CCN1CCN(C(=O)N[C@@H](C(=O)N[C@@H]2C(=O)N3[C@@H]2SC(C)(C)[C@@H]3C(=O)O)c2ccccc2)C(=O)C1=O,5.739
4-chloro-2-methylaniline,Cc1cc(Cl)ccc1N,5.741
Chlorzoxazone,O=c1[nH]c2cc(Cl)ccc2o1,5.748
Bisantrene,C(=N\NC1=NCCN1)/c1c2ccccc2c(/C=N/NC2=NCCN2)c2ccccc12,5.748
Cyanazine,CCNc1nc(Cl)nc(NC(C)(C)C#N)n1,5.76
Prolintane,CCCC(Cc1ccccc1)N1CCCC1,5.772
Acetamiprid,C/C(=N\C#N)N(C)Cc1ccc(Cl)nc1,5.78
Salazopyrine,O=C(O)C1=C/C(=N/Nc2ccc(S(=O)(=O)Nc3ccccn3)cc2)C=CC1=O,5.782
Bromacil,CCC(C)n1c(=O)[nH]c(C)c(Br)c1=O,5.784
Mezlocillin,CC1(C)S[C@@H]2[C@H](NC(=O)[C@H](NC(=O)N3CCN(S(C)(=O)=O)C3=O)c3ccccc3)C(=O)N2[C@H]1C(=O)O,5.798
Butorphanol,Oc1ccc2c(c1)[C@@]13CCCC[C@@]1(O)[C@@H](C2)N(CC1CCC1)CC3,5.8
Doxylamine,CN(C)CCO[C@](C)(c1ccccc1)c1ccccn1,5.81
Fluometuron,CN(C)C(=O)Nc1cccc(C(F)(F)F)c1,5.815
Hydroxyhaloperidol,OC(CCCN1CCC(O)(c2ccc(Cl)cc2)CC1)c1ccc(F)cc1,5.816
3-chloro-4-methylaniline,Cc1ccc(N)cc1Cl,5.829
Digoxigenin monodigitoxoside,C[C@H]1O[C@@H](O[C@H]2CC[C@@]3(C)[C@H](CC[C@@H]4[C@@H]3C[C@@H](O)[C@]3(C)[C@@H](C5=CC(=O)OC5)CC[C@]43O)C2)C[C@H](O)[C@@H]1O,5.833
Chlorpheniramine,CN(C)CCC(c1ccc(Cl)cc1)c1ccccn1,5.838
Disopyramide,CC(C)N(CCC(C(N)=O)(c1ccccc1)c1ccccn1)C(C)C,5.838
Mephenytoin,CCC1(c2ccccc2)NC(=O)N(C)C1=O,5.85
4-isopropylaniline,CC(C)c1ccc(N)cc1,5.863
Pirimicarb-desmethyl,CNc1nc(C)c(C)c(OC(=O)N(C)C)n1,5.871
Benzthiazuron,CNC(=O)Nc1nc2ccccc2s1,5.871
Dexchlorpheniramine,CN(C)CC[C@@H](c1ccc(Cl)cc1)c1ccccn1,5.877
Cocaethylene,CCOC(=O)[C@H]1[C@@H](OC(=O)c2ccccc2)C[C@@H]2CC[C@H]1N2C,5.9
Propranolol,CC(C)NCC(O)COc1cccc2ccccc12,5.907
Carbinoxamine,CN(C)CCOC(c1ccc(Cl)cc1)c1ccccn1,5.91
Amobarbital,CCC1(CCC(C)C)C(=O)N=C(O)NC1=O,5.912
Cibenzoline,c1ccc(C2(c3ccccc3)CC2C2=NCCN2)cc1,5.915
Vinylbital,C=CC1(C(C)CCC)C(=O)NC(=O)NC1=O,5.928
LSD,CCN(CC)C(=O)[C@@H]1C=C2c3cccc4[nH]cc(c34)C[C@H]2N(C)C1,5.935
Harmine,COc1ccc2c(c1)[nH]c1c(C)nccc12,5.942
Fencamfamine,CCNC1C2CCC(C2)C1c1ccccc1,5.944
Cicloprolol,CC(C)NCC(O)COc1ccc(OCCOCC2CC2)cc1,5.946
Tetracaine,CCCCNc1ccc(C(=O)OCCN(C)C)cc1,5.959
Oxomemazine,CC(CN(C)C)CN1c2ccccc2S(=O)(=O)c2ccccc21,5.962
Pentobarbital,CCCC(C)C1(CC)C(=O)NC(=O)NC1=O,5.97
Clindamycine,CCCC1CC(C(=O)NC(C(C)Cl)C2OC(SC)C(O)C(O)C2O)N(C)C1,5.997
Coumarine,O=c1ccc2ccccc2o1,6.004
"3,5,6-trichloro-2-pyridinol",Oc1nc(Cl)c(Cl)cc1Cl,6.008
Diflunisal,O=C(O)c1cc(-c2ccc(F)cc2F)ccc1O,6.015
Carbromal,CCC(Br)(CC)C(=O)NC(N)=O,6.018
Nevirapine,Cc1ccnc2c1NC(=O)c1cccnc1N2C1CC1,6.021
Xipamide,Cc1cccc(C)c1NC(=O)c1cc(S(N)(=O)=O)c(Cl)cc1O,6.038
Chlormezanone,CN1C(=O)CCS(=O)(=O)C1c1ccc(Cl)cc1,6.054
Ibogaine,CC[C@H]1C[C@@H]2C[C@H]3c4[nH]c5ccc(OC)cc5c4CCN(C2)[C@@H]13,6.08
Bendroflumethiazide,NS(=O)(=O)c1cc2c(cc1C(F)(F)F)NC(Cc1ccccc1)NS2(=O)=O,6.083
Bupranolol,Cc1ccc(Cl)c(OCC(O)CNC(C)(C)C)c1,6.083
Pipamperone,NC(=O)C1(N2CCCCC2)CCN(CCCC(=O)c2ccc(F)cc2)CC1,6.09
Vincamine,CC[C@]12CCCN3CCc4c(n(c5ccccc45)[C@@](O)(C(=O)OC)C1)[C@@H]32,6.101
Cloxacilline,Cc1onc(-c2ccccc2Cl)c1C(=O)N[C@@H]1C(=O)N2[C@@H]1SC(C)(C)[C@@H]2C(=O)O,6.104
Desmethylcitalopram,CNCCCC1(c2ccc(F)cc2)OCc2cc(C#N)ccc21,6.111
7-aminoflunitrazepam,CN1C(=O)CN=C(c2ccccc2F)c2cc(N)ccc21,6.117
Cyclothiazide,NS(=O)(=O)c1cc2c(cc1Cl)NC(C1CC3C=CC1C3)NS2(=O)=O,6.121
Bamifyline,CCN(CCO)CCn1c(Cc2ccccc2)nc2c1c(=O)n(C)c(=O)n2C,6.122
Propoxur,CNC(=O)Oc1ccccc1OC(C)C,6.122
Benzphetamine,C[C@@H](Cc1ccccc1)N(C)Cc1ccccc1,6.131
Crimidine,Cc1cc(N(C)C)nc(Cl)n1,6.134
Betaxolol,CC(C)NCC(O)COc1ccc(CCOCC2CC2)cc1,6.136
3-Hydroxybromazepam,O=C1Nc2ccc(Br)cc2C(c2ccccn2)=NC1O,6.151
Nefopam,CN1CCOC(c2ccccc2)c2ccccc2C1,6.153
Medifoxamine,CN(C)CC(Oc1ccccc1)Oc1ccccc1,6.155
Brompheniramine,CN(C)CCC(c1ccc(Br)cc1)c1ccccn1,6.158
Norclozapine,Clc1ccc2c(c1)N=C(N1CCNCC1)c1ccccc1N2,6.158
Strychnine,O=C1C[C@@H]2OCC=C3CN4CC[C@]56c7ccccc7N1[C@H]5[C@H]2[C@H]3C[C@H]46,6.166
Phosphamidon,CCN(CC)C(=O)/C(Cl)=C(\C)OP(=O)(OC)OC,6.169
Amsacrine,COc1cc(NS(C)(=O)=O)ccc1Nc1c2ccccc2nc2ccccc12,6.173
Chlorprepamide,CCCNC(=O)NS(=O)(=O)c1ccc(Cl)cc1,6.182
Bendiocarb,CNC(=O)Oc1cccc2c1OC(C)(C)O2,6.191
Citalopram,CN(C)CCCC1(c2ccc(F)cc2)OCc2cc(C#N)ccc21,6.2
Iso LSD,CCN(CC)C(=O)[C@H]1C=C2c3cccc4[nH]cc(c34)C[C@H]2N(C)C1,6.214
Tienilic acid,O=C(O)COc1ccc(C(=O)c2cccs2)c(Cl)c1Cl,6.216
Mirtazapine,CN1CCN2c3ncccc3Cc3ccccc3C2C1,6.221
Paraoxon methyl,COP(=O)(OC)Oc1ccc([N+](=O)[O-])cc1,6.235
Indapamide,CC1Cc2ccccc2N1NC(=O)c1ccc(Cl)c(S(N)(=O)=O)c1,6.237
Monolinuron,CON(C)C(=O)Nc1ccc(Cl)cc1,6.245
Adrafinil,O=C(CS(=O)C(c1ccccc1)c1ccccc1)NO,6.251
DMST,Cc1ccc(NS(=O)(=O)N(C)C)cc1,6.251
Betamethasone-21-phosphate,C[C@H]1C[C@H]2[C@@H]3CCC4=CC(=O)C=C[C@]4(C)[C@@]3(F)[C@@H](O)C[C@]2(C)[C@@]1(O)C(=O)COP(=O)(O)O,6.254
Zopiclone,CN1CCN(C(=O)OC2c3nccnc3C(=O)N2c2ccc(Cl)cn2)CC1,6.27
Etacrynic acid,C=C(CC)C(=O)c1ccc(OCC(=O)O)c(Cl)c1Cl,6.276
10-11-epoxycarbamazepine,NC(=O)N1c2ccccc2C2OC2c2ccccc21,6.286
Bromo-Dragonfly,C[C@@H](N)Cc1c2ccoc2c(Br)c2ccoc12,6.3
Pentoxifylline,CC(=O)CCCCn1c(=O)c2c(ncn2C)n(C)c1=O,6.305
Secobarbital,C=CCC1(C(C)CCC)C(=O)NC(=O)NC1=O,6.314
Phenytoin,O=C1NC(=O)C(c2ccccc2)(c2ccccc2)N1,6.32
Lisuride,CCN(CC)C(=O)N[C@H]1C=C2c3cccc4[nH]cc(c34)C[C@H]2N(C)C1,6.321
Quinine,C=C[C@H]1C[N@]2CC[C@H]1C[C@H]2[C@H](O)c1ccnc2ccc(OC)cc12,6.323
Enalapril,CCOC(=O)[C@H](CCc1ccccc1)N[C@@H](C)C(=O)N1CCC[C@H]1C(=O)O,6.326
Spirotetramat-mono-hydroxy,CO[C@H]1CC[C@]2(CC1)NC(=O)C(c1cc(C)ccc1C)C2O,6.328
Chlortoluron,Cc1ccc(NC(=O)N(C)C)cc1Cl,6.333
Mefloquine,O[C@@H](c1cc(C(F)(F)F)nc2c(C(F)(F)F)cccc12)[C@H]1CCCCN1,6.335
Diphenhydramine,CN(C)CCOC(c1ccccc1)c1ccccc1,6.337
Propham,CC(C)OC(=O)Nc1ccccc1,6.354
1-naphtyl acetic acid,O=C(O)Cc1cccc2ccccc12,6.368
Valone,CC(C)CC(=O)C1C(=O)c2ccccc2C1=O,6.379
Carisoprodol,CCCC(C)(COC(N)=O)COC(=O)NC(C)C,6.382
Cymiazole,Cc1ccc(/N=c2\sccn2C)c(C)c1,6.388
Haloperidol,O=C(CCCN1CCC(O)(c2ccc(Cl)cc2)CC1)c1ccc(F)cc1,6.389
Heptabarbital,CCC1(C2=CCCCCC2)C(=O)NC(=O)NC1=O,6.399
Zolazepam,Cc1nn(C)c2c1C(c1ccccc1F)=NCC(=O)N2C,6.419
PCMPA (N-(3-methoxypropyl)-1-phenyl-cyclohexanamine),COCCCNC1(c2ccccc2)CCCCC1,6.425
Diuron,CN(C)C(=O)Nc1ccc(Cl)c(Cl)c1,6.433
Atrazine,CCNc1nc(Cl)nc(NC(C)C)n1,6.438
Fluvoxamine,COCCCC/C(=N\OCCN)c1ccc(C(F)(F)F)cc1,6.44
Convallatoxin,C[C@@H]1O[C@@H](O[C@H]2CC[C@]3(C=O)[C@H]4CC[C@]5(C)[C@@H](C6=CC(=O)OC6)CC[C@]5(O)[C@@H]4CC[C@]3(O)C2)[C@H](O)[C@H](O)[C@H]1O,6.443
Nifoxipam,O=C1Nc2ccc([N+](=O)[O-])cc2C(c2ccccc2F)=NC1O,6.445
Strophanthidin,C[C@]12CC[C@H]3[C@@H](CC[C@]4(O)C[C@@H](O)CC[C@]34C=O)[C@@]1(O)CC[C@@H]2C1=CC(=O)OC1,6.448
Norfluoxetine,NCCC(Oc1ccc(C(F)(F)F)cc1)c1ccccc1,6.466
Carbofuran,CNC(=O)Oc1cccc2c1OC(C)(C)C2,6.471
Piribedil,c1cnc(N2CCN(Cc3ccc4c(c3)OCO4)CC2)nc1,6.475
Quinidine,C=C[C@H]1C[N@]2CC[C@H]1C[C@@H]2[C@@H](O)c1ccnc2ccc(OC)cc12,6.488
Trifluorperidol,O=C(CCC(F)N1CCC(O)(c2cccc(C(F)(F)F)c2)CC1)c1ccccc1,6.491
Fenamiphos-sulfoxyde,CCOP(=O)(NC(C)C)Oc1ccc(S(C)=O)c(C)c1,6.493
Fotemustine,CCOP(=O)(OCC)C(C)NC(=O)N(CCCl)N=O,6.496
Thiacloprid,N#C/N=C1/SCCN1Cc1ccc(Cl)nc1,6.5
Desmethylmianserin,c1ccc2c(c1)Cc1ccccc1N1CCNCC21,6.514
Isoprocarb,CNC(=O)Oc1ccccc1C(C)C,6.516
Carbaryl,CNC(=O)Oc1cccc2ccccc12,6.527
Spirotetramat-enol,CO[C@H]1CC[C@]2(CC1)NC(=O)C(c1cc(C)ccc1C)=C2O,6.531
Clozapine,CN1CCN(C2=Nc3cc(Cl)ccc3Nc3ccccc32)CC1,6.538
CDEPA,CCc1cccc(CC)c1NC(=O)CCl,6.54
Desacetyldiltiazem,COc1ccc([C@@H]2Sc3ccccc3N(CCN(C)C)C(=O)[C@@H]2O)cc1,6.544
Carbocromen,CCOC(=O)COc1ccc2c(C)c(CCN(CC)CC)c(=O)oc2c1,6.554
Atomoxetine,CNCC[C@@H](Oc1ccccc1C)c1ccccc1,6.558
Doxepin,CN(C)CCC=C1c2ccccc2COc2ccccc21,6.561
Fluoxetine,CNCCC(Oc1ccc(C(F)(F)F)cc1)c1ccccc1,6.57
Scoparone,COc1cc2ccc(=O)oc2cc1OC,6.588
PCEEA (N-(2-ethoxyethyl)-1-phenylcyclohexanamine),CCOCCNC1(c2ccccc2)CCCCC1,6.589
Benzthiazide,NS(=O)(=O)c1cc2c(cc1Cl)N=C(CSCc1ccccc1)NS2(=O)=O,6.589
Azatadine,CN1CCC(=C2c3ccccc3CCc3cccnc32)CC1,6.603
Dicoumarol,O=c1oc2ccccc2c(O)c1Cc1c(O)c2ccccc2oc1=O,6.619
Fenamiphos-sulfone,CCOP(=O)(NC(C)C)Oc1ccc(S(C)(=O)=O)c(C)c1,6.624
Mepyramine,COc1ccc(CN(CCN(C)C)c2ccccn2)cc1,6.626
Demeton-s-methyl,CCSCCSP(=O)(OC)OC,6.641
Fentanyl,CCC(=O)N(c1ccccc1)C1CCN(CCc2ccccc2)CC1,6.646
Clobenzorex,CC(Cc1ccccc1)NCc1ccccc1Cl,6.649
Isoproturon,CC(C)c1ccc(NC(=O)N(C)C)cc1,6.671
Metopimazine,CS(=O)(=O)c1ccc2c(c1)N(CCCN1CCC(C(N)=O)CC1)c1ccccc1S2,6.704
Erythromycine,CC[C@H]1OC(=O)[C@H](C)[C@@H](O[C@H]2C[C@@](C)(OC)[C@@H](O)[C@H](C)O2)[C@H](C)[C@@H](O[C@@H]2O[C@H](C)C[C@H](N(C)C)[C@H]2O)[C@](C)(O)C[C@@H](C)C(=O)[C@H](C)[C@@H](O)[C@]1(C)O,6.711
Zipeprol,COC(CN1CCN(CC(O)C(OC)c2ccccc2)CC1)c1ccccc1,6.712
Desmetryn,CNc1nc(NC(C)C)nc(SC)n1,6.72
Ethiofencarb,CCSCc1ccccc1OC(=O)NC,6.721
Niflumic acid,O=C(O)c1cccnc1Nc1cccc(C(F)(F)F)c1,6.73
Fluindione,O=C1c2ccccc2C(=O)C1c1ccc(F)cc1,6.731
Coumafuryl,CC(=O)CC(c1ccco1)c1c(O)c2ccccc2oc1=O,6.742
Cicletanine,Cc1ncc2c(c1O)CO[C@@H]2c1ccc(Cl)cc1,6.748
Phenyltoloxamine,CN(C)CCOc1ccccc1Cc1ccccc1,6.751
Metsulfuron-methyl,COC(=O)c1ccccc1S(=O)(=O)NC(=O)Nc1nc(C)nc(OC)n1,6.76
Malaoxon,CCOC(=O)CC(SP(=O)(OC)OC)C(=O)OCC,6.761
Hydroquinidine,CC[C@H]1CN2CC[C@H]1C[C@@H]2[C@@H](O)c1ccnc2ccc(OC)cc12,6.791
Thiophanate-methyl,COC(=O)NC(=S)Nc1ccccc1NC(=S)NC(=O)OC,6.795
Procyclidine,OC(CCN1CCCC1)(c1ccccc1)C1CCCCC1,6.797
Thiopental,CCCC(C)C1(CC)C(=O)NC(=S)NC1=O,6.807
Digoxigenine-bis-digitoxoside,CC1OC(OC2C(O)CC(OC3CCC4(C)C(CCC5C4CC(O)C4(C)C(C6=CC(=O)OC6)CCC54O)C3)OC2C)CC(O)C1O,6.82
Tolmetin,Cc1ccc(C(=O)c2ccc(CC(=O)O)n2C)cc1,6.832
Risperidone,Cc1nc2n(c(=O)c1CCN1CCC(c3noc4cc(F)ccc34)CC1)CCCC2,6.839
Tertatolol,CC(C)(C)NCC(O)COc1cccc2c1SCCC2,6.858
Retigabine,CCOC(=O)Nc1ccc(NCc2ccc(F)cc2)cc1N,6.864
Tauroursodeoxycholic acid,C[C@H](CCC(=O)NCCS(=O)(=O)O)[C@H]1CC[C@H]2[C@@H]3[C@@H](O)C[C@@H]4C[C@H](O)CC[C@]4(C)[C@H]3CC[C@]12C,6.87
Flutamide,CC(C)C(=O)Nc1ccc([N+](=O)[O-])c(C(F)(F)F)c1,6.874
Bezafibrate,CC(C)(Oc1ccc(CCNC(=O)c2ccc(Cl)cc2)cc1)C(=O)O,6.883
Omeprazole,COc1ccc2[nH]c(S(=O)Cc3ncc(C)c(OC)c3C)nc2c1,6.885
Flurazepam,CCN(CC)CCN1C(=O)CN=C(c2ccccc2F)c2cc(Cl)ccc21,6.898
Phencyclidine,c1ccc(C2(N3CCCCC3)CCCCC2)cc1,6.906
Dextromethorphan,COc1ccc2c(c1)[C@]13CCCC[C@@H]1[C@H](C2)N(C)CC3,6.913
Florasulam,COc1ncc(F)c2nc(S(=O)(=O)Nc3c(F)cccc3F)nn12,6.915
"DEA (2,6-diethylaniline)",CCc1cccc(CC)c1N,6.934
Prednisolone,C[C@]12C=CC(=O)C=C1CC[C@@H]1[C@@H]2[C@@H](O)C[C@@]2(C)[C@H]1CC[C@]2(O)C(=O)CO,6.938
Carboxin,CC1=C(C(=O)Nc2ccccc2)SCCO1,6.953
Mephospholan,CCOP(=O)(/N=C1\SCC(C)S1)OCC,6.961
Tolbutamide,CCCCNC(=O)NS(=O)(=O)c1ccc(C)cc1,6.965
Biperidene,OC(CCN1CCCCC1)(c1ccccc1)C1CC2C=CC1C2,6.97
Benfluorex,CC(Cc1cccc(C(F)(F)F)c1)NCCOC(=O)c1ccccc1,6.989
Carbamazepine,NC(=O)N1c2ccccc2C=Cc2ccccc21,6.999
Oxyphenbutazone,CCCCC1C(=O)N(c2ccccc2)N(c2ccc(O)cc2)C1=O,7.005
Flumazenil,CCOC(=O)c1ncn2c1CN(C)C(=O)c1cc(F)ccc1-2,7.016
Deslanoside,C[C@H]1O[C@@H](O[C@H]2CC[C@@]3(C)[C@H](CC[C@@H]4[C@@H]3C[C@@H](O)[C@]3(C)[C@@H](C5=CC(=O)OC5)CC[C@]43O)C2)C[C@H](O)[C@@H]1O[C@H]1C[C@H](O)[C@H](O[C@H]2C[C@H](O)[C@H](O[C@@H]3O[C@H](CO)[C@@H](O)[C@H](O)[C@H]3O)[C@@H](C)O2)[C@@H](C)O1,7.018
Dextropropoxyphene,CCC(=O)O[C@](Cc1ccccc1)(c1ccccc1)[C@H](C)CN(C)C,7.036
Hydrocortisone,C[C@]12CCC(=O)C=C1CC[C@@H]1[C@@H]2[C@@H](O)C[C@@]2(C)[C@H]1CC[C@]2(O)C(=O)CO,7.038
Demexiptiline,CNCCON=c1c2ccccc2ccc2ccccc12,7.045
Flutriafol,OC(Cn1cncn1)(c1ccc(F)cc1)c1ccccc1F,7.047
5-(p-Methylphenyl)-5-phenylhydantoin,Cc1ccc(C2(c3ccccc3)NC(=O)NC2=O)cc1,7.049
Mianserin,CN1CCN2c3ccccc3Cc3ccccc3C2C1,7.056
Propazine,CC(C)Nc1nc(Cl)nc(NC(C)C)n1,7.059
Letrozole,N#Cc1ccc(C(c2ccc(C#N)cc2)n2cncn2)cc1,7.064
Phenyl-2-phenol,Oc1ccccc1-c1ccccc1,7.079
Piretanide,NS(=O)(=O)c1cc(C(=O)O)cc(N2CCCC2)c1Oc1ccccc1,7.081
Triprolidine,Cc1ccc(/C(=C\CN2CCCC2)c2ccccn2)cc1,7.084
4-fluoro-3-phenoxybenzoic acid,O=C(O)c1ccc(F)c(Oc2ccccc2)c1,7.091
Diphacinone,O=C1c2ccccc2C(=O)C1C(=O)C(c1ccccc1)c1ccccc1,7.116
Linuron,CON(C)C(=O)Nc1ccc(Cl)c(Cl)c1,7.118
Bumetanide,CCCCNc1cc(C(=O)O)cc(S(N)(=O)=O)c1Oc1ccccc1,7.122
Fluanisone,COc1ccccc1N1CCN(CCCC(=O)c2ccc(F)cc2)CC1,7.126
Fenobucarb,CCC(C)c1ccccc1OC(=O)NC,7.128
Protriptyline,CNCCCC1c2ccccc2C=Cc2ccccc21,7.149
Benorilate,CC(=O)Nc1ccc(OC(=O)c2ccccc2OC(C)=O)cc1,7.16
Trihexyphenidyl,OC(CCN1CCCCC1)(c1ccccc1)C1CCCCC1,7.168
Demoxepam,O=C1C[N+]([O-])=C(c2ccccc2)c2cc(Cl)ccc2N1,7.169
Flumethasone,C[C@@H]1C[C@H]2[C@@H]3C[C@H](F)C4=CC(=O)C=C[C@]4(C)[C@@]3(F)[C@@H](O)C[C@]2(C)[C@@]1(O)C(=O)CO,7.17
Desipramine,CNCCCN1c2ccccc2CCc2ccccc21,7.174
Glafenine,O=C(OCC(O)CO)c1ccccc1Nc1ccnc2cc(Cl)ccc12,7.181
Diothiepin,CN(C)CC/C=C1\c2ccccc2CSc2ccccc21,7.182
Bromazepam,O=C1CN=C(c2ccccn2)c2cc(Br)ccc2N1,7.19
Brefeldin A,C[C@H]1CCC/C=C/[C@@H]2C[C@H](O)C[C@H]2[C@H](O)/C=C/C(=O)O1,7.192
Didesmethylsibutramine,CC(C)CC(N)C1(c2ccc(Cl)cc2)CCC1,7.192
Clometacin,COc1ccc2c(C(=O)c3ccc(Cl)cc3)c(C)n(CC(=O)O)c2c1,7.199
Promethazine,CC(CN1c2ccccc2Sc2ccccc21)N(C)C,7.213
Bacampicilline,CCOC(=O)OC(C)OC(=O)[C@@H]1N2C(=O)[C@@H](NC(=O)[C@H](N)c3ccccc3)[C@H]2SC1(C)C,7.216
Desmethylflunitrazepam,O=C1CN=C(c2ccccc2)c2cc(F)ccc2N1,7.227
Buspirone,O=C1CC2(CCCC2)CC(=O)N1CCCCN1CCN(c2ncccn2)CC1,7.234
Colchicine,COc1cc2c(c(OC)c1OC)-c1ccc(OC)c(=O)cc1[C@@H](NC(C)=O)CC2,7.239
Desmethylsibutramine,CNC(CC(C)C)C1(c2ccc(Cl)cc2)CCC1,7.248
Terbumeton,CCNc1nc(NC(C)(C)C)nc(OC)n1,7.25
Spirotetramat-cis-keto-hydroxy,CO[C@H]1CC[C@]2(CC1)NC(=O)C(O)(c1cc(C)ccc1C)C2=O,7.254
Desmedipham,CCOC(=O)Nc1cccc(OC(=O)Nc2ccccc2)c1,7.256
Voriconazole,C[C@@H](c1ncncc1F)[C@](O)(Cn1cncn1)c1ccc(F)cc1F,7.267
Duloxetine,CNCC[C@H](Oc1cccc2ccccc12)c1cccs1,7.273
Chlorpropham,CC(C)OC(=O)Nc1cccc(Cl)c1,7.275
Terbuthylazine,CCNc1nc(Cl)nc(NC(C)(C)C)n1,7.289
Ciprofibrate,CC(C)(Oc1ccc(C2CC2(Cl)Cl)cc1)C(=O)O,7.291
Naled,COP(=O)(OC)OC(Br)C(Cl)(Cl)Br,7.291
Amoxapine,Clc1ccc2c(c1)C(N1CCNCC1)=Nc1ccccc1O2,7.292
Tianeptine MC (5),CN1c2ccccc2C(NCCCCC(=O)O)c2ccc(Cl)cc2S1([O-])[O-],7.293
Didesmethylamitriptyline,NCCC=C1c2ccccc2CCc2ccccc21,7.297
Amlodipine,CCOC(=O)C1=C(COCCN)NC(C)=C(C(=O)OC)C1c1ccccc1Cl,7.297
Ethoxyquin,CCOc1ccc2c(c1)C(C)=CC(C)(C)N2,7.298
Oxeladin,CCN(CC)CCOCCOC(=O)C(CC)(CC)c1ccccc1,7.302
Prednisone,C[C@]12C=CC(=O)C=C1CC[C@@H]1[C@@H]2C(=O)C[C@@]2(C)[C@H]1CC[C@]2(O)C(=O)CO,7.303
Piroxicam,CN1C(C(=O)Nc2ccccn2)=C(O)c2ccccc2S1(=O)=O,7.306
Nebivolol,OC(CNCC(O)C1CCc2cc(F)ccc2O1)C1CCc2cc(F)ccc2O1,7.307
Maprotiline,CNCCCC12CCC(c3ccccc31)c1ccccc12,7.31
Pirimicarb,Cc1nc(N(C)C)nc(OC(=O)N(C)C)c1C,7.322
Lorazepam,O=C1Nc2ccc(Cl)cc2C(c2ccccc2Cl)=NC1O,7.33
N-desmethylclobazam,O=C1CC(=O)N(c2ccccc2)c2cc(Cl)ccc2N1,7.331
Zolpidem,Cc1ccc(-c2nc3ccc(C)cn3c2CC(=O)N(C)C)cc1,7.346
Periciazine,N#Cc1ccc2c(c1)N(CCCN1CCC(O)CC1)c1ccccc1S2,7.35
Phenmediphan,COC(=O)Nc1cccc(OC(=O)Nc2cccc(C)c2)c1,7.355
Chlorbromuron,CON(C)C(=O)Nc1ccc(Br)c(Cl)c1,7.356
Rivaroxaban,O=C(NC[C@H]1CN(c2ccc(N3CCOCC3=O)cc2)C(=O)O1)c1ccc(Cl)s1,7.367
Betamethasone,C[C@H]1C[C@H]2[C@@H]3CCC4=CC(=O)C=C[C@]4(C)[C@@]3(F)[C@@H](O)C[C@]2(C)[C@@]1(O)C(=O)CO,7.372
DEET,CCN(CC)C(=O)c1cccc(C)c1,7.374
Embutramide,CCC(CC)(CNC(=O)CCCO)c1cccc(OC)c1,7.378
Paraoxon ethyl,CCOP(=O)(OCC)Oc1ccc([N+](=O)[O-])cc1,7.379
Flubendazole,COC(=O)Nc1nc2cc(C(=O)c3ccc(F)cc3)ccc2[nH]1,7.384
Methfuroxam,Cc1oc(C)c(C(=O)Nc2ccccc2)c1C,7.386
Imipramine,CN(C)CCCN1c2ccccc2CCc2ccccc21,7.39
Hydroxyzine,OCCOCCN1CCN(C(c2ccccc2)c2ccc(Cl)cc2)CC1,7.411
Nortriptyline,CNCCC=C1c2ccccc2CCc2ccccc21,7.411
EDDP,C/C=C1\N(C)C(C)CC1(c1ccccc1)c1ccccc1,7.417
Prifinium,CC[N+]1(CC)CCC(=C(c2ccccc2)c2ccccc2)C1C,7.428
Dimefuron,CN(C)C(=O)Nc1ccc(-n2nc(C(C)(C)C)oc2=O)c(Cl)c1,7.436
Sibutramine,CC(C)CC(N(C)C)C1(c2ccc(Cl)cc2)CCC1,7.448
Amprenavir,CC(C)CN(C[C@@H](O)[C@H](Cc1ccccc1)NC(=O)O[C@H]1CCOC1)S(=O)(=O)c1ccc(N)cc1,7.453
Ketoprofen,CC(C(=O)O)c1cccc(C(=O)c2ccccc2)c1,7.454
Cortisone,C[C@]12CCC(=O)C=C1CC[C@@H]1[C@@H]2C(=O)C[C@@]2(C)[C@H]1CC[C@]2(O)C(=O)CO,7.458
Buprenorphine,CO[C@]12CC[C@@]3(C[C@@H]1[C@](C)(O)C(C)(C)C)[C@H]1Cc4ccc(O)c5c4[C@@]3(CCN1CC1CC1)[C@H]2O5,7.466
Chlorphenoxamine,CN(C)CCOC(C)(c1ccccc1)c1ccc(Cl)cc1,7.476
3-hydroxy-flunitrazepam,CN1C(=O)C(O)N=C(c2ccccc2F)c2cc([N+](=O)[O-])ccc21,7.492
Alimemazine,CC(CN(C)C)CN1c2ccccc2Sc2ccccc21,7.505
Thiometon,CCSCCSP(=S)(OC)OC,7.512
Norflurazon,CNc1cnn(-c2cccc(C(F)(F)F)c2)c(=O)c1Cl,7.514
Carvedilol,COc1ccccc1OCCNCC(O)COc1cccc2[nH]c3ccccc3c12,7.515
Oxazepam,O=C1Nc2ccc(Cl)cc2C(c2ccccc2)=NC1O,7.519
Methacrifos,COC(=O)/C(C)=C/OP(=S)(OC)OC,7.522
Prosulfuron,COc1nc(C)nc(NC(=O)NS(=O)(=O)c2ccccc2CCC(F)(F)F)n1,7.522
Opipramol,OCCN1CCN(CCCN2c3ccccc3C=Cc3ccccc32)CC1,7.523
Albendazole,CCCSc1ccc2[nH]c(NC(=O)OC)nc2c1,7.526
Digoxine,C[C@H]1O[C@@H](O[C@H]2[C@@H](O)C[C@H](O[C@H]3[C@@H](O)C[C@H](O[C@H]4CC[C@@]5(C)[C@H](CC[C@@H]6[C@@H]5C[C@@H](O)[C@]5(C)[C@@H](C7=CC(=O)OC7)CC[C@]65O)C4)O[C@@H]3C)O[C@@H]2C)C[C@H](O)[C@@H]1O,7.538
Triadimenol,CC(C)(C)C(O)C(Oc1ccc(Cl)cc1)n1cncn1,7.541
Sufentanyl,CCC(=O)N(c1ccccc1)C1(COC)CCN(CCc2cccs2)CC1,7.541
Naproxene,COc1ccc2cc([C@H](C)C(=O)O)ccc2c1,7.544
Clonazepam,O=C1CN=C(c2ccccc2Cl)c2cc([N+](=O)[O-])ccc2N1,7.544
Fenthion sulfoxide,COP(=S)(OC)Oc1ccc(S(C)=O)c(C)c1,7.546
2-(2-amino-5-bromobenzoyl)pyridine,Nc1ccc(Br)cc1C(=O)c1ccccn1,7.548
Veratridine,COc1ccc(C(=O)O[C@H]2CC[C@@]3(C)[C@@H]4CC[C@H]5[C@]6(O)C[C@H](O)[C@@]7(O)[C@@H](CN8C[C@@H](C)CC[C@H]8[C@@]7(C)O)[C@]6(O)C[C@@]53O[C@]24O)cc1OC,7.549
Diethofencarb,CCOc1ccc(NC(=O)OC(C)C)cc1OCC,7.55
Spiroxamine,CCCN(CC)CC1COC2(CCC(C(C)(C)C)CC2)O1,7.551
Coumatetralyl,O=c1oc2ccccc2c(O)c1C1CCCc2ccccc21,7.552
Salmeterol,OCc1cc(C(O)CNCCCCCCOCCCCc2ccccc2)ccc1O,7.552
Lanatoside C,CC(=O)O[C@H]1C[C@H](O[C@H]2[C@@H](O)C[C@H](O[C@H]3[C@@H](O)C[C@H](O[C@H]4CC[C@@]5(C)[C@H](CC[C@@H]6[C@@H]5C[C@@H](O)[C@]5(C)[C@@H](C7=CC(=O)OC7)CC[C@]65O)C4)O[C@@H]3C)O[C@@H]2C)O[C@H](C)[C@H]1O[C@@H]1O[C@H](CO)[C@@H](O)[C@H](O)[C@H]1O,7.554
Fipronil,N#Cc1nn(-c2c(Cl)cc(C(F)(F)F)cc2Cl)c(N)c1S(=O)C(F)(F)F,7.556
Propafenone,CCCNCC(O)COc1ccccc1C(=O)CCc1ccccc1,7.568
Nitrazepam,O=C1CN=C(c2ccccc2)c2cc([N+](=O)[O-])ccc2N1,7.57
Amitriptyline,CN(C)CCC=C1c2ccccc2CCc2ccccc21,7.58
Azadirachtin,C/C=C(\C)C(=O)O[C@H]1C[C@@H](OC(C)=O)[C@@]2(C(=O)OC)CO[C@H]3[C@@H](O)[C@@](C)([C@]45O[C@@]4(C)[C@H]4C[C@@H]5O[C@@H]5OC=C[C@@]54O)[C@H]4[C@]1(CO[C@]4(O)C(=O)OC)[C@@H]32,7.583
Dantrolene,O=C1CN(/N=C/c2ccc(-c3ccc([N+](=O)[O-])cc3)o2)C(=O)N1,7.592
Cyamemazine,CC(CN(C)C)CN1c2ccccc2Sc2ccc(C#N)cc21,7.594
Trazodone,O=c1n(CCCN2CCN(c3cccc(Cl)c3)CC2)nc2ccccn12,7.623
Benzatropine,CN1[C@@H]2CC[C@H]1C[C@@H](OC(c1ccccc1)c1ccccc1)C2,7.625
Quetiapine,OCCOCCN1CCN(C2=Nc3ccccc3Sc3ccccc32)CC1,7.626
Darunavir,CC(C)CN(C[C@@H](O)[C@H](Cc1ccccc1)NC(=O)O[C@H]1CO[C@H]2OCC[C@H]21)S(=O)(=O)c1ccc(N)cc1,7.63
Cyproheptadine,CN1CCC(=C2c3ccccc3C=Cc3ccccc32)CC1,7.636
Nifedipine,COC(=O)C1=C(C)NC(C)=C(C(=O)OC)C1c1ccccc1[N+](=O)[O-],7.649
Fenthion sulfone,COP(=S)(OC)Oc1ccc(S(C)(=O)=O)c(C)c1,7.663
Acepromazine,CC(=O)c1ccc2c(c1)N(CCCN(C)C)c1ccccc1S2,7.666
Cilazapril,CCOC(=O)[C@H](CCc1ccccc1)N[C@H]1CCCN2CCC[C@@H](C(=O)O)N2C1=O,7.68
Captafol,O=C1C2CC=CCC2C(=O)N1SC(Cl)(Cl)C(Cl)Cl,7.683
Oxybutynin,CCN(CC)CC#CCOC(=O)C(O)(c1ccccc1)C1CCCCC1,7.691
Metazachlor,Cc1cccc(C)c1N(Cn1cccn1)C(=O)CCl,7.695
Foramsulfuron,COc1cc(OC)nc(NC(=O)NS(=O)(=O)c2cc(NC=O)ccc2C(=O)N(C)C)n1,7.695
Methiocarb,CNC(=O)Oc1cc(C)c(SC)c(C)c1,7.701
Sulforidazine,CN1CCCCC1CCN1c2ccccc2Sc2ccc(S(C)(=O)=O)cc21,7.711
Desalkylflurazepam,O=C1CN=C(c2ccccc2F)c2cc(Cl)ccc2N1,7.72
Pyrimethanil,Cc1cc(C)nc(Nc2ccccc2)n1,7.727
Flurtamone,CNC1=C(c2cccc(C(F)(F)F)c2)C(=O)C(c2ccccc2)O1,7.727
Trimipramine,CC(CN(C)C)CN1c2ccccc2CCc2ccccc21,7.733
CGA321113 (Trifloxystrobin Metabolite),C/C(=N\OCc1ccccc1/C(=N\CO)C(=O)O)c1cccc(C(F)(F)F)c1,7.743
alpha-hydroxytriazolam,OCc1nnc2n1-c1ccc(Cl)cc1C(c1ccccc1Cl)=NC2,7.749
Altretamine,CN(C)c1nc(N(C)C)nc(N(C)C)n1,7.759
Ramipril,CCOC(=O)[C@H](CCc1ccccc1)N[C@@H](C)C(=O)N1[C@H](C(=O)O)C[C@@H]2CCC[C@@H]21,7.77
"2,4-DB",O=C(O)CCCOc1ccc(Cl)cc1Cl,7.771
Quinupramine,c1ccc2c(c1)CCc1ccccc1N2C1CN2CCC1CC2,7.781
Aceprometazine,CC(=O)c1ccc2c(c1)N(CC(C)N(C)C)c1ccccc1S2,7.791
Metalaxyl,COCC(=O)N(c1c(C)cccc1C)C(C)C(=O)OC,7.793
Mesoridazine,CN1CCCCC1CCN1c2ccccc2Sc2ccc(S(C)=O)cc21,7.794
Demeton-s,CCOP(=O)(OCC)SCCSCC,7.8
Nuarimol,Oc1ncncc1C(c1ccc(F)cc1)c1ccccc1Cl,7.811
4-hydroxymidazolam,Cc1ncc2n1-c1ccc(Cl)cc1C(c1ccccc1F)=NC2O,7.811
Diltiazem,COc1ccc([C@@H]2Sc3ccccc3N(CCN(C)C)C(=O)[C@@H]2OC(C)=O)cc1,7.832
Acenocoumarol,CC(=O)CC(c1ccc([N+](=O)[O-])cc1)c1c(O)c2ccccc2oc1=O,7.84
Digitoxigenin,C[C@]12CC[C@H](O)C[C@H]1CC[C@@H]1[C@@H]2CC[C@]2(C)[C@@H](C3=CC(=O)OC3)CC[C@]12O,7.844
Desmethylsertraline,N[C@H]1CC[C@@H](c2ccc(Cl)c(Cl)c2)c2ccccc21,7.858
Benazepril,CCOC(=O)[C@H](CCc1ccccc1)N[C@H]1CCc2ccccc2N(CC(=O)O)C1=O,7.867
Azaconazole,Clc1ccc(C2(Cn3cncn3)OCCO2)c(Cl)c1,7.87
Desmethylclomipramine,CNCCCN1c2ccccc2CCc2ccc(Cl)cc21,7.87
Fluopyram,O=C(NCCc1ncc(C(F)(F)F)cc1Cl)c1ccccc1C(F)(F)F,7.873
Pipotiazine,CN(C)S(=O)(=O)c1ccc2c(c1)N(CCCN1CCC(CCO)CC1)c1ccccc1S2,7.876
Pimethixene,CN1CCC(=C2c3ccccc3Sc3ccccc32)CC1,7.878
Clonazolam,Cc1nnc2n1-c1ccc([N+](=O)[O-])cc1C(c1ccccc1Cl)=NC2,7.892
Levomepromazine,COc1ccc2c(c1)N(C[C@H](C)CN(C)C)c1ccccc1S2,7.894
Triflupromazine,CN(C)CCCN1c2ccccc2Sc2ccc(C(F)(F)F)cc21,7.894
Edoxaban,CN1CCc2nc(C(=O)N[C@@H]3C[C@@H](C(=O)N(C)C)CC[C@@H]3NC(=O)C(=O)Nc3ccc(Cl)cn3)sc2C1,7.907
Etodolac,CCc1cccc2c3c([nH]c12)C(CC)(CC(=O)O)OCC3,7.907
Methaqualone,Cc1ccccc1-n1c(C)nc2ccccc2c1=O,7.911
Clomazon,CC1(C)CON(Cc2ccccc2Cl)C1=O,7.918
Hydroxyalprazolam,OCc1nnc2n1-c1ccc(Cl)cc1C(c1ccccc1)=NC2,7.92
Cyproconazole,CC(C1CC1)C(O)(Cn1cncn1)c1ccc(Cl)cc1,7.928
Flubromazepam,O=C1CN=C(c2ccccc2F)c2cc(Br)ccc2N1,7.93
Fentichlor,Oc1ccc(Cl)cc1Sc1cc(Cl)ccc1O,7.932
Warfarin,CC(=O)CC(c1ccccc1)c1c(O)c2ccccc2oc1=O,7.934
Fipronil sulfone,N#Cc1nn(-c2c(Cl)cc(C(F)(F)F)cc2Cl)c(N)c1S(=O)(=O)C(F)(F)F,7.937
Flazasulfuron,COc1cc(OC)nc(NC(=O)NS(=O)(=O)c2ncccc2C(F)(F)F)n1,7.957
Pimozide,O=c1[nH]c2ccccc2n1C1CCN(CCCC(c2ccc(F)cc2)c2ccc(F)cc2)CC1,7.968
Chlorantraniprole,CNC(=O)c1cc(Cl)cc(C)c1NC(=O)c1cc(Br)nn1-c1ncccc1Cl,7.968
Sertraline,CN[C@H]1CC[C@@H](c2ccc(Cl)c(Cl)c2)c2ccccc21,7.985
Neburon,CCCCN(C)C(=O)Nc1ccc(Cl)c(Cl)c1,7.986
Cetirizine,O=C(O)COCCN1CCN(C(c2ccccc2)c2ccc(Cl)cc2)CC1,7.989
Febarbamate,CCCCOCC(CN1C(=O)NC(=O)C(CC)(c2ccccc2)C1=O)OC(N)=O,7.993
Quinapril,CCOC(=O)[C@H](CCc1ccccc1)N[C@@H](C)C(=O)N1Cc2ccccc2C[C@H]1C(=O)O,7.995
Folpet,O=C1c2ccccc2C(=O)N1SC(Cl)(Cl)Cl,7.996
Chlordiazepoxide,CNC1=Nc2ccc(Cl)cc2C(c2ccccc2)=[N+]([O-])C1,7.997
Sulfosulfuron,CCS(=O)(=O)c1nc2ccccn2c1S(=O)(=O)NC(=O)Nc1nc(OC)cc(OC)n1,7.998
Dihydroergotamine,CN1C[C@H](C(=O)N[C@]2(C)O[C@@]3(O)[C@@H]4CCCN4C(=O)[C@H](Cc4ccccc4)N3C2=O)C[C@@H]2c3cccc4[nH]cc(c34)C[C@H]21,8.011
Fenhexamid,CC1(C(=O)Nc2ccc(O)c(Cl)c2Cl)CCCCC1,8.018
Chlorpromazine,CN(C)CCCN1c2ccccc2Sc2ccc(Cl)cc21,8.019
Meclonazepam,C[C@@H]1N=C(c2ccccc2Cl)c2cc([N+](=O)[O-])ccc2NC1=O,8.022
Methadone,CCC(=O)C(CC(C)N(C)C)(c1ccccc1)c1ccccc1,8.022
Tiagabine,Cc1ccsc1C(=CCCN1CCC[C@@H](C(=O)O)C1)c1sccc1C,8.025
Triadimefon,CC(C)(C)C(=O)C(Oc1ccc(Cl)cc1)n1cncn1,8.032
Glipizide,Cc1cnc(C(=O)NCCc2ccc(S(=O)(=O)NC(=O)NC3CCCCC3)cc2)cn1,8.039
Phenylbutazone,CCCCC1C(=O)N(c2ccccc2)N(c2ccccc2)C1=O,8.055
Fentin,[OH][Sn]([c]1ccccc1)([c]1ccccc1)[c]1ccccc1,8.078
Myclobutanil,CCCCC(C#N)(Cn1cncn1)c1ccc(Cl)cc1,8.079
Clomipramine,CN(C)CCCN1c2ccccc2CCc2ccc(Cl)cc21,8.079
Loxapine,CN1CCN(C2=Nc3ccccc3Oc3ccc(Cl)cc32)CC1,8.085
Tetraconazole,FC(F)C(F)(F)OCC(Cn1cncn1)c1ccc(Cl)cc1Cl,8.103
Terbutryn,CCNc1nc(NC(C)(C)C)nc(SC)n1,8.103
Glibornuride,Cc1ccc(S(=O)(=O)NC(=O)N[C@H]2[C@H]3CC[C@@](C)([C@H]2O)C3(C)C)cc1,8.127
Sulindac,CC1=C(CC(=O)O)c2cc(F)ccc2/C1=C\c1ccc(S(C)=O)cc1,8.13
1-hydroxymidazolam,OCc1ncc2n1-c1ccc(Cl)cc1C(c1ccccc1F)=NC2,8.132
Mequitazine,c1ccc2c(c1)Sc1ccccc1N2CC1CN2CCC1CC2,8.139
Floctafenin,O=C(OCC(O)CO)c1ccccc1Nc1ccnc2c(C(F)(F)F)cccc12,8.162
Clobazam,CN1C(=O)CC(=O)N(c2ccccc2)c2cc(Cl)ccc21,8.188
Nordiazepam,O=C1CN=C(c2ccccc2)c2cc(Cl)ccc2N1,8.193
Acetyldigoxin,CC(=O)O[C@H]1[C@@H](O)C[C@H](O[C@H]2[C@@H](O)C[C@H](O[C@H]3[C@@H](O)C[C@H](O[C@H]4CC[C@@]5(C)[C@H](CC[C@@H]6[C@@H]5C[C@@H](O)[C@]5(C)[C@@H](C7=CC(=O)OC7)CC[C@]65O)C4)O[C@@H]3C)O[C@@H]2C)O[C@@H]1C,8.199
Betamethasone-21-acetate,CC(=O)OCC(=O)[C@@]1(O)[C@@H](C)C[C@H]2[C@@H]3CCC4=CC(=O)C=C[C@]4(C)[C@@]3(F)[C@@H](O)C[C@@]21C,8.212
Tianeptine,CN1c2ccccc2C(NCCCCCCC(=O)O)c2ccc(Cl)cc2S1(=O)=O,8.216
Oxetorone,CN(C)CC/C=C1\c2ccccc2OCc2c1oc1ccccc21,8.233
Penfluridol,OC1(c2ccc(Cl)c(C(F)(F)F)c2)CCN(CCCC(c2ccc(F)cc2)c2ccc(F)cc2)CC1,8.249
Alfentanil,CCC(=O)N(c1ccccc1)C1(COC)CCN(CCn2nnn(CC)c2=O)CC1,8.253
Methoxyfenozide,COc1cccc(C(=O)NN(C(=O)c2cc(C)cc(C)c2)C(C)(C)C)c1C,8.257
Nicardipine,COC(=O)C1=C(C)NC(C)=C(C(=O)OCCN(C)Cc2ccccc2)C1c1cccc([N+](=O)[O-])c1,8.26
Boscalid,O=C(Nc1ccccc1-c1ccc(Cl)cc1)c1cccnc1Cl,8.269
Isradipine,COC(=O)C1=C(C)NC(C)=C(C(=O)OC(C)C)C1c1cccc2nonc12,8.27
Diclofenac,O=C(O)Cc1ccccc1Nc1c(Cl)cccc1Cl,8.284
Methyl digitoxin,COC1C(O)CC(OC2C(O)CC(OC3C(O)CC(OC4CCC5(C)C(CCC6C5CC(O)C5(C)C(C7=CC(=O)OC7)CCC65O)C4)OC3C)OC2C)OC1C,8.291
Tropatepine,CN1[C@@H]2CC[C@H]1C/C(=C1\c3ccccc3CSc3ccccc31)C2,8.293
Flunitrazepam,CN1C(=O)CN=C(c2ccccc2F)c2cc([N+](=O)[O-])ccc21,8.32
Lormetazepam,CN1C(=O)C(O)N=C(c2ccccc2Cl)c2cc(Cl)ccc21,8.326
Naftidrofuryl,CCN(CC)CCOC(=O)C(Cc1cccc2ccccc12)CC1CCCO1,8.328
Dexamethasone,C[C@@H]1C[C@H]2[C@@H]3CCC4=CC(=O)C=C[C@]4(C)[C@@]3(F)[C@@H](O)C[C@]2(C)[C@@]1(O)C(=O)CO,8.335
Trimebutine,CCC(COC(=O)c1cc(OC)c(OC)c(OC)c1)(c1ccccc1)N(C)C,8.344
Dinoterb,CC(C)(C)c1cc([N+](=O)[O-])cc([N+](=O)[O-])c1O,8.351
Clemastine,CN1CCC[C@@H]1CCOC(C)(c1ccccc1)c1ccc(Cl)cc1,8.352
Methidathion,COc1nn(CSP(=S)(OC)OC)c(=O)s1,8.369
Coumachlore,CC(=O)CC(c1ccc(Cl)cc1)c1c(O)c2ccccc2oc1=O,8.38
Estazolam,Clc1ccc2c(c1)C(c1ccccc1)=NCc1nncn1-2,8.385
Hexaconazole,CCCCC(O)(Cn1cncn1)c1ccc(Cl)cc1Cl,8.4
Tebuconazole,CC(C)(C)C(O)(CCc1ccc(Cl)cc1)Cn1cncn1,8.422
Fenarimol,OC(c1ccc(Cl)cc1)(c1cncnc1)c1ccccc1Cl,8.431
Amphotericine B,C[C@@H]1[C@H](O)[C@@H](C)/C=C/C=C/C=C/C=C/C=C/C=C/C=C/[C@H](O[C@@H]2O[C@H](C)[C@@H](O)[C@H](N)[C@@H]2O)C[C@@H]2O[C@](O)(C[C@@H](O)C[C@@H](O)[C@H](O)CC[C@@H](O)C[C@@H](O)CC(=O)O[C@H]1C)C[C@H](O)[C@H]2C(=O)O,8.435
Triazolam,Cc1nnc2n1-c1ccc(Cl)cc1C(c1ccccc1Cl)=NC2,8.437
Fluphenazine,OCCN1CCN(CCCN2c3ccccc3Sc3ccc(C(F)(F)F)cc32)CC1,8.454
Fenpropimorph,CC(Cc1ccc(C(C)(C)C)cc1)CN1CC(C)OC(C)C1,8.456
Diflubenzuron,O=C(NC(=O)c1c(F)cccc1F)Nc1ccc(Cl)cc1,8.465
Temazepam,CN1C(=O)C(O)N=C(c2ccccc2)c2cc(Cl)ccc21,8.468
Etoxazole,CCOc1cc(C(C)(C)C)ccc1C1COC(c2c(F)cccc2F)=N1,8.475
Mesosulfuron-methyl,COC(=O)c1ccc(CNS(C)(=O)=O)cc1S(=O)(=O)NC(=O)Nc1nc(OC)cc(OC)n1,8.479
Clofibrate,CCOC(=O)C(C)(C)Oc1ccc(Cl)cc1,8.482
Thiodicarb,CS/C(C)=N/OC(=O)N(C)SN(C)C(=O)O/N=C(\C)SC,8.488
Imazalil,C=CCOC(Cn1ccnc1)c1ccc(Cl)cc1Cl,8.489
Proscillaridin,C[C@@H]1O[C@@H](O[C@@H]2C=C3CC[C@@H]4[C@H](CC[C@]5(C)[C@@H](c6ccc(=O)oc6)CC[C@]45O)[C@@]3(C)CC2)[C@H](O)[C@H](O)[C@H]1O,8.495
Flubromazolam,Cc1nnc2n1-c1ccc(Br)cc1C(c1ccccc1F)=NC2,8.495
Fenamiphos,CCOP(=O)(NC(C)C)Oc1ccc(SC)c(C)c1,8.509
Malathion,CCOC(=O)CC(SP(=S)(OC)OC)C(=O)OCC,8.53
Oryzalin,CCCN(CCC)c1c([N+](=O)[O-])cc(S(N)(=O)=O)cc1[N+](=O)[O-],8.531
3-Methylclonazepam,CN1C(=O)CN=C(c2ccccc2Cl)c2cc([N+](=O)[O-])ccc21,8.533
Mepanipyrim,CC#Cc1cc(C)nc(Nc2ccccc2)n1,8.534
Etifoxine,CCNC1=Nc2ccc(Cl)cc2C(C)(c2ccccc2)O1,8.544
Tridemorphe,CCCCCCCCCCCCCN1CC(C)OC(C)C1,8.545
Ethyl loflazepate,CCOC(=O)C1N=C(c2ccccc2F)c2cc(Cl)ccc2NC1=O,8.55
Tebufenozide,CCc1ccc(C(=O)NN(C(=O)c2cc(C)cc(C)c2)C(C)(C)C)cc1,8.56
Fenpyrazamine,C=CCSC(=O)n1c(N)c(-c2ccccc2C)c(=O)n1C(C)C,8.583
Oleandrin,CO[C@H]1C[C@H](O[C@H]2CC[C@@]3(C)[C@H](CC[C@@H]4[C@@H]3CC[C@]3(C)[C@@H](C5=CC(=O)OC5)[C@@H](OC(C)=O)C[C@]43O)C2)O[C@@H](C)[C@@H]1O,8.589
Prochlorperazine,CN1CCN(CCCN2c3ccccc3Sc3ccc(Cl)cc32)CC1,8.592
Perphenazine,OCCN1CCN(CCCN2c3ccccc3Sc3ccc(Cl)cc32)CC1,8.596
Penconazole,CCCC(Cn1cncn1)c1ccc(Cl)cc1Cl,8.6
Dipyridamole,OCCN(CCO)c1nc(N2CCCCC2)c2nc(N(CCO)CCO)nc(N3CCCCC3)c2n1,8.602
Methysticine,COC1=CC(=O)O[C@@H](/C=C/c2ccc3c(c2)OCO3)C1,8.607
Sildenafil,CCCc1nn(C)c2c(=O)[nH]c(-c3cc(S(=O)(=O)N4CCN(C)CC4)ccc3OCC)nc12,8.609
Alprazolam,Cc1nnc2n1-c1ccc(Cl)cc1C(c1ccccc1)=NC2,8.62
Clofibride,CN(C)C(=O)CCCOC(=O)C(C)(C)Oc1ccc(Cl)cc1,8.622
Eplerenone,COC(=O)[C@@H]1CC2=CC(=O)CC[C@]2(C)[C@@]23O[C@@H]2C[C@@]2(C)[C@@H](CC[C@@]24CCC(=O)O4)[C@H]13,8.632
Bifenazate,COc1ccc(-c2ccccc2)cc1NNC(=O)OC(C)C,8.633
1-hydroxypyrene,Oc1ccc2ccc3cccc4ccc1c2c34,8.65
Triazamate,CCOC(=O)CSc1nc(C(C)(C)C)nn1C(=O)N(C)C,8.677
Gitoxin,C[C@H]1O[C@@H](O[C@H]2[C@@H](O)C[C@H](O[C@H]3[C@@H](O)C[C@H](O[C@H]4CC[C@@]5(C)[C@H](CC[C@@H]6[C@@H]5CC[C@]5(C)[C@@H](C7=CC(=O)OC7)[C@@H](O)C[C@]65O)C4)O[C@@H]3C)O[C@@H]2C)C[C@H](O)[C@@H]1O,8.68
Triflumuron,O=C(NC(=O)c1ccccc1Cl)Nc1ccc(OC(F)(F)F)cc1,8.689
Nimodipine,COCCOC(=O)C1=C(C)NC(C)=C(C(=O)OC(C)C)C1c1cccc([N+](=O)[O-])c1,8.691
Fenitrothion,COP(=S)(OC)Oc1ccc([N+](=O)[O-])c(C)c1,8.75
Thioproperazine,CN1CCN(CCCN2c3ccccc3Sc3ccc(S(=O)(=O)N(C)C)cc32)CC1,8.755
Pyrifenox,CO/N=C(/Cc1cccnc1)c1ccc(Cl)cc1Cl,8.763
Apixaban,COc1ccc(-n2nc(C(N)=O)c3c2C(=O)N(c2ccc(N4CCCCC4=O)cc2)CC3)cc1,8.789
Flusilazole,C[Si](Cn1cncn1)(c1ccc(F)cc1)c1ccc(F)cc1,8.794
Gemfibrozil,Cc1ccc(C)c(OCCCC(C)(C)C(=O)O)c1,8.799
Flupenthixol,OCCN1CCN(CC/C=C2/c3ccccc3Sc3ccc(C(F)(F)F)cc32)CC1,8.818
Yangonin,COc1ccc(/C=C/c2cc(OC)cc(=O)o2)cc1,8.843
Alachlor,CCc1cccc(CC)c1N(COC)C(=O)CCl,8.846
Terfluzine,CN1CCN(CCCN2c3ccccc3Sc3ccc(C(F)(F)F)cc32)CC1,8.848
Cyprodinil,Cc1cc(C2CC2)nc(Nc2ccccc2)n1,8.85
Clotiapine,CN1CCN(C2=Nc3ccccc3Sc3ccc(Cl)cc32)CC1,8.851
Bupiramate,CCCCc1c(C)nc(NCC)nc1OS(=O)(=O)N(C)C,8.853
Carpipramine,NC(=O)C1(N2CCCCC2)CCN(CCCN2c3ccccc3CCc3ccccc32)CC1,8.854
Indinavir,CC(C)(C)NC(=O)[C@@H]1CN(Cc2cccnc2)CCN1C[C@@H](O)C[C@@H](Cc1ccccc1)C(=O)N[C@H]1c2ccccc2C[C@H]1O,8.858
Epoxiconazole,Fc1ccc([C@@]2(Cn3cncn3)O[C@@H]2c2ccccc2Cl)cc1,8.889
Diclazepam,CN1C(=O)CN=C(c2ccccc2Cl)c2cc(Cl)ccc21,8.9
Fenoxycarb,CCOC(=O)NCCOc1ccc(Oc2ccccc2)cc1,8.903
Felodipine,CCOC(=O)C1=C(C)NC(C)=C(C(=O)OC)C1c1cccc(Cl)c1Cl,8.921
Spirotetramat,CCOC(=O)OC1=C(c2cc(C)ccc2C)C(=O)N[C@]12CC[C@@H](OC)CC2,8.925
Zuclopenthixol,OCCN1CCN(CC/C=C2/c3ccccc3Sc3ccc(Cl)cc32)CC1,8.926
Metolachlor,CCc1cccc(C)c1N(C(=O)CCl)C(C)COC,8.929
Novaluron,O=C(NC(=O)c1c(F)cccc1F)Nc1ccc(OC(F)(F)C(F)OC(F)(F)F)c(Cl)c1,8.937
Aripiprazole,O=C1CCc2ccc(OCCCCN3CCN(c4cccc(Cl)c4Cl)CC3)cc2N1,8.944
Azinphos-methyl,COP(=S)(OC)SCn1nnc2ccccc2c1=O,8.948
Bepridil,CC(C)COCC(CN(Cc1ccccc1)c1ccccc1)N1CCCC1,8.951
Phosmet,COP(=S)(OC)SCN1C(=O)c2ccccc2C1=O,8.951
Diazinon,CCOP(=S)(OCC)Oc1cc(C)nc(C(C)C)n1,8.953
Midazolam,Cc1ncc2n1-c1ccc(Cl)cc1C(c1ccccc1F)=NC2,8.976
Bisacodyl,CC(=O)Oc1ccc(C(c2ccc(OC(C)=O)cc2)c2ccccn2)cc1,8.984
Pyridafenthion,CCOP(=S)(OCC)Oc1ccc(=O)n(-c2ccccc2)n1,9.004
Fenbuconazole,N#CC(CCc1ccc(Cl)cc1)(Cn1cncn1)c1ccccc1,9.005
Iprodione,CC(C)NC(=O)N1CC(=O)N(c2cc(Cl)cc(Cl)c2)C1=O,9.012
Sulfotep,CCOP(=S)(OCC)OP(=S)(OCC)OCC,9.025
Triflusulfuron-methyl,COC(=O)c1cccc(C)c1S(=O)(=O)NC(=O)Nc1nc(OCC(F)(F)F)nc(N(C)C)n1,9.03
Bitertanol,CC(C)(C)C(O)C(Oc1ccc(-c2ccccc2)cc1)n1cncn1,9.035
Fluquinconazole,O=c1c2cc(F)ccc2nc(-n2cncn2)n1-c1ccc(Cl)cc1Cl,9.037
Terbinafine,CN(C/C=C/C#CC(C)(C)C)Cc1cccc2ccccc12,9.047
Indomethacin,COc1ccc2c(c1)c(CC(=O)O)c(C)n2C(=O)c1ccc(Cl)cc1,9.055
Mecarbam,CCOC(=O)N(C)C(=O)CSP(=S)(OCC)OCC,9.069
Dimethomorph,COc1ccc(/C(=C/C(=O)N2CCOCC2)c2ccc(Cl)cc2)cc1OC,9.087
Parathion-ethyl,CCOP(=S)(OCC)Oc1ccc([N+](=O)[O-])cc1,9.139
Quinalphos,CCOP(=S)(OCC)Oc1cnc2ccccc2n1,9.139
Diazepam,CN1C(=O)CN=C(c2ccccc2)c2cc(Cl)ccc21,9.139
Finasteride,CC(C)(C)NC(=O)[C@H]1CC[C@H]2[C@@H]3CC[C@H]4NC(=O)C=C[C@]4(C)[C@H]3CC[C@]12C,9.166
Isophenphos,CCOP(=S)(NC(C)C)Oc1ccccc1C(=O)OC(C)C,9.166
Clomifene,CCN(CC)CCOc1ccc(C(=C(Cl)c2ccccc2)c2ccccc2)cc1,9.174
Glibenclamide,COc1ccc(Cl)cc1C(=O)NCCc1ccc(S(=O)(=O)NC(=O)NC2CCCCC2)cc1,9.18
Triflumizole,CCCOC/C(=N\c1ccc(Cl)cc1C(F)(F)F)n1ccnc1,9.186
Etizolam,CCc1cc2c(s1)-n1c(C)nnc1CN=C2c1ccccc1Cl,9.196
Captodiamine,CCCCSc1ccc(C(SCCN(C)C)c2ccccc2)cc1,9.225
Canrenoic acid,C[C@]12CCC(=O)C=C1C=C[C@@H]1[C@@H]2CC[C@@]2(C)[C@H]1CC[C@@]2(O)CCC(=O)O,9.239
Cyflufenamide,O=C(Cc1ccccc1)N/C(=N\OCC1CC1)c1c(C(F)(F)F)ccc(F)c1F,9.25
Fenoverine,O=C(CN1CCN(Cc2ccc3c(c2)OCO3)CC1)N1c2ccccc2Sc2ccccc21,9.259
Benzbromarone,CCc1oc2ccccc2c1C(=O)c1cc(Br)c(O)c(Br)c1,9.268
Propiconazole,CCCC1COC(Cn2cncn2)(c2ccc(Cl)cc2Cl)O1,9.303
Diflufenican,O=C(Nc1ccc(F)cc1F)c1cccnc1Oc1cccc(C(F)(F)F)c1,9.307
Thioridazine,CSc1ccc2c(c1)N(CCC1CCCCN1C)c1ccccc1S2,9.31
Noscapine,COc1ccc2c(c1OC)C(=O)O[C@@H]2[C@H]1c2c(cc3c(c2OC)OCO3)CCN1C,9.316
Isaconazole,Clc1ccc(C(Cn2ccnc2)OCc2c(Cl)cccc2Cl)c(Cl)c1,9.324
Hexaflumuron,O=C(NC(=O)c1c(F)cccc1F)Nc1cc(Cl)c(OC(F)(F)C(F)F)c(Cl)c1,9.324
Pirimiphos methyl,CCN(CC)c1nc(C)cc(OP(=S)(OC)OC)n1,9.328
Fenthion,COP(=S)(OC)Oc1ccc(SC)c(C)c1,9.355
11-OH-THC,CCCCCc1cc(O)c2c(c1)OC(C)(C)[C@@H]1CCC(CO)=C[C@@H]21,9.365
Nelfinavir,Cc1c(O)cccc1C(=O)N[C@@H](CSc1ccccc1)[C@H](O)CN1C[C@H]2CCCC[C@H]2C[C@H]1C(=O)NC(C)(C)C,9.383
Lufenuron,O=C(NC(=O)c1c(F)cccc1F)Nc1cc(Cl)c(OC(F)(F)C(F)C(F)(F)F)cc1Cl,9.393
Bromadiolone,O=c1oc2ccccc2c(O)c1C(CC(O)c1ccc(-c2ccc(Br)cc2)cc1)c1ccccc1,9.394
Aclonifen,Nc1c([N+](=O)[O-])ccc(Oc2ccccc2)c1Cl,9.394
Disulfoton,CCOP(=S)(OCC)SCCSCC,9.402
Fluazinam,O=[N+]([O-])c1cc(C(F)(F)F)c(Cl)c([N+](=O)[O-])c1Nc1ncc(C(F)(F)F)cc1Cl,9.406
Kresoxim-methyl,CO/N=C(/C(=O)OC)c1ccccc1COc1ccccc1C,9.411
Deschloroetizolam,CCc1cc2c(s1)-n1c(C)nnc1CN=C2c1ccccc1,9.428
Loprazolam,CN1CCN(/C=C2\N=C3CN=C(c4ccccc4Cl)c4cc([N+](=O)[O-])ccc4N3C2=O)CC1,9.47
Halofantrine,CCCCN(CCCC)CCC(O)c1cc2c(Cl)cc(Cl)cc2c2cc(C(F)(F)F)ccc12,9.471
Cannabidiol,C=C(C)[C@@H]1CC=C(C)C[C@H]1c1c(O)cc(CCCCC)cc1O,9.472
Tebufenpyrad,CCc1nn(C)c(C(=O)NCc2ccc(C(C)(C)C)cc2)c1Cl,9.505
Atazanavir,COC(=O)N[C@H](C(=O)N[C@@H](Cc1ccccc1)[C@@H](O)CN(Cc1ccc(-c2ccccn2)cc1)NC(=O)[C@@H](NC(=O)OC)C(C)(C)C)C(C)(C)C,9.509
CP 47 497,CCCCCCC(C)(C)c1ccc([C@@H]2CCC[C@H](O)C2)c(O)c1,9.513
Phoxime,CCOP(=S)(OCC)O/N=C(\C#N)c1ccccc1,9.523
JWH-018 pentanoic acid,O=C(O)CCCCn1cc(C(=O)c2cccc3ccccc23)c2ccccc21,9.543
Digitoxin,C[C@H]1O[C@@H](O[C@H]2[C@@H](O)C[C@H](O[C@H]3[C@@H](O)C[C@H](O[C@H]4CC[C@@]5(C)[C@H](CC[C@@H]6[C@@H]5CC[C@]5(C)[C@@H](C7=CC(=O)OC7)CC[C@]65O)C4)O[C@@H]3C)O[C@@H]2C)C[C@H](O)[C@@H]1O,9.6
Terbufos,CCOP(=S)(OCC)SCSC(C)(C)C,9.603
Bromopropylate,CC(C)OC(=O)C(O)(c1ccc(Br)cc1)c1ccc(Br)cc1,9.646
Profenophos,CCCSP(=O)(OCC)Oc1ccc(Br)cc1Cl,9.662
THC-COOH,CCCCCc1cc(O)c2c(c1)OC(C)(C)[C@@H]1CCC(C(=O)O)=C[C@@H]21,9.679
Azinphos-ethyl,CCOP(=S)(OCC)SCn1nnc2ccccc2c1=O,9.688
Fenvalerate,CC(C)C(C(=O)OC(C#N)c1cccc(Oc2ccccc2)c1)c1ccc(Cl)cc1,9.688
Chlorpyriphos-methyl,COP(=S)(OC)Oc1nc(Cl)c(Cl)cc1Cl,9.69
Flucythrinate,CC(C)C(C(=O)OC(C#N)c1cccc(Oc2ccccc2)c1)c1ccc(OC(F)F)cc1,9.69
Trifluralin,CCCN(CCC)c1c([N+](=O)[O-])cc(C(F)(F)F)cc1[N+](=O)[O-],9.737
Reserpine,COC(=O)[C@H]1[C@H]2C[C@@H]3c4[nH]c5cc(OC)ccc5c4CCN3C[C@H]2C[C@@H](OC(=O)c2cc(OC)c(OC)c(OC)c2)[C@@H]1OC,9.74
Glimepiride,CCC1=C(C)CN(C(=O)NCCc2ccc(S(=O)(=O)NC(=O)N[C@H]3CC[C@H](C)CC3)cc2)C1=O,9.741
Oxadiazon,CC(C)Oc1cc(-n2nc(C(C)(C)C)oc2=O)c(Cl)cc1Cl,9.744
Prochloraz,CCCN(CCOc1c(Cl)cc(Cl)cc1Cl)C(=O)n1ccnc1,9.758
Trifloxystrobin,CO/N=C(/C(=O)OC)c1ccccc1CO/N=C(\C)c1cccc(C(F)(F)F)c1,9.766
Benfluralin,CCCCN(CC)c1c([N+](=O)[O-])cc(C(F)(F)F)cc1[N+](=O)[O-],9.781
Fluroxypyr-1-methylheptylester,CCCCCCC(C)OC(=O)COc1nc(F)c(Cl)c(N)c1Cl,9.786
Buprofezin,CC(C)N1C(=O)N(c2ccccc2)CS/C1=N/C(C)(C)C,9.823
Meclozine,Cc1cccc(CN2CCN(C(c3ccccc3)c3ccc(Cl)cc3)CC2)c1,9.846
Prazepam,O=C1CN=C(c2ccccc2)c2cc(Cl)ccc2N1CC1CC1,9.861
Exemestane,C=C1C[C@@H]2[C@H](CC[C@]3(C)C(=O)CC[C@@H]23)[C@@]2(C)C=CC(=O)C=C12,9.862
Bromophos-methyl,COP(=S)(OC)Oc1cc(Cl)c(Br)cc1Cl,9.865
Pirimiphos ethyl,CCOP(=S)(OCC)Oc1cc(C)nc(N(CC)CC)n1,9.871
Acetyldigitoxin,CC(=O)O[C@H]1C[C@H](O[C@H]2[C@@H](O)C[C@H](O[C@H]3[C@@H](O)C[C@H](O[C@H]4CC[C@@]5(C)[C@H](CC[C@@H]6[C@@H]5CC[C@]5(C)[C@@H](C7=CC(=O)OC7)CC[C@]65O)C4)O[C@@H]3C)O[C@@H]2C)O[C@H](C)[C@H]1O,9.877
Indoxacarb,COC(=O)N(C(=O)N1CO[C@@]2(C(=O)OC)Cc3cc(Cl)ccc3C2=N1)c1ccc(OC(F)(F)F)cc1,9.915
Flufenoxuron,O=C(NC(=O)c1c(F)cccc1F)Nc1ccc(Oc2ccc(C(F)(F)F)cc2Cl)cc1F,9.936
Lopinavir,Cc1cccc(C)c1OCC(=O)N[C@@H](Cc1ccccc1)[C@@H](O)C[C@H](Cc1ccccc1)NC(=O)[C@H](C(C)C)N1CCCNC1=O,9.942
Desethylamiodarone,CCCCc1oc2ccccc2c1C(=O)c1cc(I)c(OCCNCC)c(I)c1,9.945
Difenoconazole,CC1COC(Cn2cncn2)(c2ccc(Oc3ccc(Cl)cc3)cc2Cl)O1,9.954
Phosalone,CCOP(=S)(OCC)SCn1c(=O)oc2cc(Cl)ccc21,9.956
Bifenox,COC(=O)c1cc(Oc2ccc(Cl)cc2Cl)ccc1[N+](=O)[O-],9.958
Pyraclostrobine,COC(=O)N(OC)c1ccccc1COc1ccn(-c2ccc(Cl)cc2)n1,9.987
Suriclone,CN1CCN(C(=O)OC2C3=C(SCCS3)C(=O)N2c2ccc3ccc(Cl)nc3n2)CC1,10.021
Cannabinol,CCCCCc1cc(O)c2c(c1)OC(C)(C)c1ccc(C)cc1-2,10.058
Benzoximate,CCON=C(OC(=O)c1ccccc1)c1c(OC)ccc(Cl)c1OC,10.06
Difenacoum,O=c1oc2ccccc2c(O)c1C1CC(c2ccc(-c3ccccc3)cc2)Cc2ccccc21,10.07
Amcinonide,CC(=O)OCC(=O)[C@@]12OC3(CCCC3)O[C@@H]1C[C@H]1[C@@H]3CCC4=CC(=O)C=C[C@]4(C)[C@@]3(F)[C@@H](O)C[C@@]12C,10.073
Econazole,Clc1ccc(COC(Cn2ccnc2)c2ccc(Cl)cc2Cl)cc1,10.076
Alpidem,CCCN(CCC)C(=O)Cc1c(-c2ccc(Cl)cc2)nc2ccc(Cl)cn12,10.132
Dialifos,CCOP(=S)(OCC)SC(CCl)N1C(=O)c2ccccc2C1=O,10.152
Fenofibrate,CC(C)OC(=O)C(C)(C)Oc1ccc(C(=O)c2ccc(Cl)cc2)cc1,10.181
Chlorpyriphos-ethyl,CCOP(=S)(OCC)Oc1nc(Cl)c(Cl)cc1Cl,10.194
Quizalofop ethyl,CCOC(=O)C(C)Oc1ccc(Oc2cnc3cc(Cl)ccc3n2)cc1,10.233
THC,CCCCCc1cc(O)c2c(c1)OC(C)(C)[C@@H]1CCC(C)=C[C@@H]21,10.251
Spiromesifen,Cc1cc(C)c(C2=C(OC(=O)CC(C)(C)C)C3(CCCC3)OC2=O)c(C)c1,10.251
Ethion,CCOP(=S)(OCC)SCSP(=S)(OCC)OCC,10.257
Bromocriptine,CC(C)C[C@H]1C(=O)N2CCC[C@H]2[C@]2(O)O[C@](NC(=O)[C@@H]3C=C4c5cccc6[nH]c(Br)c(c56)C[C@H]4N(C)C3)(C(C)C)C(=O)N12,10.294
Pyriproxyfen,CC(COc1ccc(Oc2ccccc2)cc1)Oc1ccccn1,10.3
Pyrazophos,CCOC(=O)c1cn2nc(OP(=S)(OCC)OCC)cc2nc1C,10.312
Spironolactone,CC(=O)S[C@@H]1CC2=CC(=O)CC[C@]2(C)[C@H]2CC[C@@]3(C)[C@@H](CC[C@@]34CCC(=O)O4)[C@H]12,10.322
Bromophos ethyl,CCOP(=S)(OCC)Oc1cc(Cl)c(Br)cc1Cl,10.349
Spinosad,CCC1CCCC(OC2CCC(N(C)C)C(C)O2)[C@@H](C)C(=O)C2=CC3[C@@H]4CC(OC5OC(C)C(OC)C(OC)C5OC)CC4C=C[C@H]3[C@@H]2CC(=O)O1,10.359
Coumaphos,CCOP(=S)(OCC)Oc1ccc2c(C)c(Cl)c(=O)oc2c1,10.369
Carbophenothion,CCOP(=S)(OCC)SCSc1ccc(Cl)cc1,10.388
Clotrimazole,Clc1ccccc1C(c1ccccc1)(c1ccccc1)n1ccnc1,10.447
Chlorthiophos,CCOP(=S)(OCC)Oc1cc(Cl)c(SC)cc1Cl,10.449
Prothiophos,CCCSP(=S)(OCC)Oc1ccc(Cl)cc1Cl,10.455
Cortivazol,CC(=O)OCC(=O)[C@@]1(O)[C@H](C)C[C@H]2[C@@H]3C=C(C)C4=Cc5c(cnn5-c5ccccc5)C[C@]4(C)[C@H]3[C@@H](O)C[C@@]21C,10.469
Miconazole,Clc1ccc(COC(Cn2ccnc2)c2ccc(Cl)cc2Cl)c(Cl)c1,10.472
Chlormadinone acetate,CC(=O)O[C@]1(C(C)=O)CC[C@H]2[C@@H]3C=C(Cl)C4=CC(=O)CC[C@]4(C)[C@H]3CC[C@@]21C,10.484
Spirodiclofen,CCC(C)(C)C(=O)OC1=C(c2cc(Cl)cc(Cl)c2)C(=O)OC12CCCCC2,10.485
Dioxathion,CCOP(=S)(OCC)SC1OCCOC1SP(=S)(OCC)OCC,10.494
Acrinathrin,CC1(C)[C@H](C(=O)O[C@H](C#N)c2cccc(Oc3ccccc3)c2)[C@@H]1/C=C\C(=O)OC(C(F)(F)F)C(F)(F)F,10.501
Loratadine,CCOC(=O)N1CCC(=C2c3ccc(Cl)cc3CCc3cccnc32)CC1,10.513
Fenpropathrin,CC1(C)C(C(=O)O[C@H](C#N)c2cccc(Oc3ccccc3)c2)C1(C)C,10.519
JWH-203,CCCCCn1cc(C(=O)Cc2ccccc2Cl)c2ccccc21,10.521
JWH-250,CCCCCn1cc(C(=O)Cc2ccccc2OC)c2ccccc21,10.541
Ketoconazole,CC(=O)N1CCN(c2ccc(OC[C@H]3CO[C@](Cn4ccnc4)(c4ccc(Cl)cc4Cl)O3)cc2)CC1,10.577
Beclometazone dipropionate,CCC(=O)OCC(=O)[C@@]1(OC(=O)CC)[C@@H](C)C[C@H]2[C@@H]3CCC4=CC(=O)C=C[C@]4(C)[C@@]3(Cl)[C@@H](O)C[C@@]21C,10.581
Amiodarone,CCCCc1oc2ccccc2c1C(=O)c1cc(I)c(OCCN(CC)CC)c(I)c1,10.585
Propaquizafop,CC(C)=NOCCOC(=O)[C@@H](C)Oc1ccc(Oc2cnc3cc(Cl)ccc3n2)cc1,10.608
Canrenone,C[C@]12CCC(=O)C=C1C=C[C@@H]1[C@@H]2CC[C@@]2(C)[C@H]1CC[C@@]21CCC(=O)O1,10.675
JWH-015,CCCn1c(C)c(C(=O)c2cccc3ccccc23)c2ccccc21,10.677
Milbemectin A4,CC[C@H]1O[C@]2(CC[C@@H]1C)C[C@@H]1C[C@@H](C/C=C(\C)C[C@@H](C)/C=C/C=C3\CO[C@@H]4[C@H](O)C(C)=C[C@@H](C(=O)O1)[C@]34O)O2,10.736
Atovaquone,O=C1C(O)=C([C@H]2CC[C@H](c3ccc(Cl)cc3)CC2)C(=O)c2ccccc21,10.77
Fluvalinate,CC(C)C(Nc1ccc(C(F)(F)F)cc1Cl)C(=O)OC(C#N)c1cccc(Oc2ccccc2)c1,10.789
Fenpyroximate,Cc1nn(C)c(Oc2ccccc2)c1/C=N/OCc1ccc(C(=O)OC(C)(C)C)cc1,10.829
AM 2201,O=C(c1cccc2ccccc12)c1cn(CCCCCF)c2ccccc12,10.849
Phenothrin,CC(C)=CC1C(C(=O)OCc2cccc(Oc3ccccc3)c2)C1(C)C,10.852
Bifenthrin,Cc1c(COC(=O)C2C(/C=C(\Cl)C(F)(F)F)C2(C)C)cccc1-c1ccccc1,10.914
JWH-073,CCCCn1cc(C(=O)c2cccc3ccccc23)c2ccccc21,10.926
Pyridaben,CC(C)(C)c1ccc(CSc2cnn(C(C)(C)C)c(=O)c2Cl)cc1,10.934
Esfenvalerate,CC(C)[C@H](C(=O)O[C@H](C#N)c1cccc(Oc2ccccc2)c1)c1ccc(Cl)cc1,10.946
Pyridate,CCCCCCCCSC(=O)Oc1cc(Cl)nnc1-c1ccccc1,10.977
JWH-007,CCCCCn1c(C)c(C(=O)c2cccc3ccccc23)c2ccccc21,11.092
JWH-018,CCCCCn1cc(C(=O)c2cccc3ccccc23)c2ccccc21,11.105
Etofenprox,CCOc1ccc(C(C)(C)COCc2cccc(Oc3ccccc3)c2)cc1,11.155
JWH-019,CCCCCCn1cc(C(=O)c2cccc3ccccc23)c2ccccc21,11.202
JWH-122,CCCCCn1cc(C(=O)c2ccc(C)c3ccccc23)c2ccccc21,11.255
JWH-020,CCCCCCCn1cc(C(=O)c2cccc3ccccc23)c2ccccc21,11.285
JWH-210,CCCCCn1cc(C(=O)c2ccc(CC)c3ccccc23)c2ccccc21,11.359
