SMILES,Class,RT(min),Split
CC(C)(C)C1=NN(C(=O)O1)C2=C(C=C(C=C2)NC(=O)N(C)C)Cl,carbamate,5.6,Train
CCOP(=S)(OCC)SCN1C2=C(C=C(C=C2)Cl)OC1=O,organophosphate,6.75,Train
CSC(=O)C1=C2C(=CC=C1)N=NS2,carbamate,5.78,Train
CC(C)NC1=NC(=NC(=N1)N)Cl,unclassified,3.69,Train
C1=CC=C(C=C1)C(=O)C2=CC=CC(=C2N)CC(=O)[O-].O.[Na+],unclassified,6.68,Train
CCOC(=O)C(CC1=CC(=C(C=C1Cl)F)N2C(=O)N(C(=N2)C)C(F)F)Cl,triazole,6.48,Train
C1=CC=C(C=C1)NC(=O)NC2=CN=NS2,carbamate,4.63,Train
CC(COC1=CC=C(C=C1)OC2=CC=CC=C2)OC3=CC=CC=N3,unclassified,7.27,Train
CCOP(=O)(OCC)OC(=CCl)C1=C(C=C(C=C1)Cl)Cl,organophosphate,6.65,Train
COP(=O)(OC)OC=C(Cl)Cl,organophosphate,4.53,Train
CCSC(=O)N1CCCCCC1,unclassified,6.04,Train
CC(C)(C)C1=CC=C(C=C1)CSC2=C(C(=O)N(N=C2)C(C)(C)C)Cl,unclassified,7.71,Train
CC1(OC2=C(O1)C(=CC=C2)OC(=O)NC)C,carbamate,4.62,Train
CCCCCCCCCCCCN=C(N)N.CC(=O)O,neonicotinoid,8.0,Train
CCCCOC(=O)N(C)SN(C)C(=O)OC1=CC=CC2=C1OC(C2)(C)C,carbamate,7.13,Train
CCOP(=S)(OCC)OC1=NN(C(=N1)Cl)C(C)C,organophosphate,6.1,Train
CO/C=C(\C1=CC=CC=C1OC2=NC=NC(=C2)OC3=CC=CC=C3C#N)/C(=O)OC,unclassified,5.73,Train
CC(C)(C=NOC(=O)NC)S(=O)(=O)C,carbamate,2.04,Train
CC1(C(C1(C)C)C(=O)OC(C#N)C2=CC(=CC=C2)OC3=CC=CC=C3)C,pyrethroid,7.51,Train
CCNC1=NC(=NC(=N1)OC)NC(C)(C)C,unclassified,4.55,Train
COP(=O)(OC)OC(C(Cl)(Cl)Br)Br,organophosphate,5.45,Train
C1(=C(C(=NC(=C1Cl)Cl)C(=O)O)Cl)N,unclassified,2.79,Train
CNC(=O)N(C)C1=NN=C(S1)C(F)(F)F,carbamate,4.71,Train
CC(C)(C1=CC=CC=C1)SC(=O)N2CCCCC2,unclassified,6.95,Train
CC1COC(O1)(CN2C=NC=N2)C3=C(C=C(C=C3)OC4=CC=C(C=C4)Cl)Cl,triazole,6.9,Train
CCOP(=O)(SC1=CC=CC=C1)SC2=CC=CC=C2,organophosphate,6.56,Train
CCC(C)SP(=O)(N1CCSC1=O)OCC,organophosphate,5.04,Train
CCN(CC)C1=NC(=CC(=N1)OP(=S)(OCC)OCC)C,organophosphate,7.09,Train
CCC(=O)NC1=CC(=C(C=C1)Cl)Cl,unclassified,5.79,Train
C1=CC2=C(C=C1F)C(=O)N(C(=N2)N3C=NC=N3)C4=C(C=C(C=C4)Cl)Cl,triazole,6.17,Train
CC(C)NC1=NC(=NC(=N1)OC)NC(C)C,carbamate,4.57,Train
CC(C)N(CC1=CC=CC=C1)C(=O)C(C)(C)C,unclassified,6.31,Train
CCCCOCCOCCOCC1=CC2=C(C=C1CCC)OCO2,botanical insecticide,7.24,Train
CC1=C(C(=CC=C1)C)N(C(=O)COC)N2CCOC2=O,carbamate,4.32,Train
CC1=C(C=CC(=C1)OP(=S)(OC)OC)SC,organophosphate,6.57,Train
CN1C=C(C(=O)C(=C1)C2=CC(=CC=C2)C(F)(F)F)C3=CC=CC=C3,unclassified,5.59,Train
CN(C)S(=O)(=O)N(C1=CC=CC=C1)SC(F)(Cl)Cl,organochlorine,6.2,Train
CC1=C(C(=CC=C1)C(=O)OC)S(=O)(=O)NC(=O)NC2=NC(=NC(=N2)OCC(F)(F)F)N(C)C,sulfonylurea,5.87,Train
CCCN(CCC)C(=O)SCC,unclassified,6.45,Train
CC(C)OC(=O)C(=C1SCCS1)C(=O)OC(C)C,botanical insecticide,5.99,Train
C1=CC=C2C(=C1)N=CC(=N2)NS(=O)(=O)C3=CC=C(C=C3)N,sulfonylurea,3.91,Train
CCC(C)NC1=NC(=NC(=N1)N)OC,carbamate,3.35,Train
CCNC1=NC(=NC(=N1)Cl)NC(C)(C)C#N,unclassified,4.39,Train
CN\1COCN(/C1=N/[N+](=O)[O-])CC2=CN=C(S2)Cl,neonicotinoid,2.56,Train
CC1=C(C=CC(=C1)OP(=S)(OC)OC)[N+](=O)[O-],organophosphate,6.06,Train
COCCOC1=CC=CC=C1S(=O)(=O)NC(=O)NC2=NC(=NC(=N2)OC)OC,sulfonylurea,4.4,Train
CCOP(=S)(OCC)OC1=NC2=CC=CC=C2N=C1,organophosphate,6.47,Train
CCC1=NN(C(=C1Cl)C(=O)NCC2=CC=C(C=C2)C(C)(C)C)C,triazole,7.19,Train
CC1=C(C(=CC=C1)C)N(CCOC)C(=O)CCl,organochlorine,5.5,Train
CCOP(=S)(OCC)ON=C(C#N)C1=CC=CC=C1,organophosphate,6.69,Train
CCCSP(=O)(OCC)OC1=C(C=C(C=C1)Br)Cl,organophosphate,7.12,Train
C1=CC(=C2C(=C1)OC(O2)(F)F)C3=CNC=C3C#N,pyrethroid,5.9,Train
CN(C1=CC=CC=C1)C(=O)COC2=NC3=CC=CC=C3S2,carbamate,6.09,Train
CCCCC(CN1C=NC=N1)(C#N)C2=CC=C(C=C2)Cl,triazole,6.08,Train
C1=CC(=C(C(=C1)F)C(=O)NC(=O)NC2=C(C=C(C=C2)OC3=C(C=C(C=C3)C(F)(F)F)Cl)F)F,benzoylurea,7.47,Train
CCCC1COC(O1)(CN2C=NC=N2)C3=C(C=C(C=C3)Cl)Cl,triazole,6.65,Train
CC(C)NC1=NC(=NC(=N1)Cl)NC(C)C,unclassified,5.75,Train
C=CCOC(CN1C=CN=C1)C2=C(C=C(C=C2)Cl)Cl,triazole,5.03,Train
CCN(C(=O)C1=C(C=CC(=C1OC)Cl)OC)OC(=O)C2=CC=CC=C2,unclassified,6.77,Train
CC1CN(CC(O1)C)C2CCCCCCCCCCC2,unclassified,5.22,Train
CC/C(=N\OC/C=C/Cl)/C1=C(CC(CC1=O)C2CCOCC2)O,neonicotinoid,6.13,Train
CC(C)OC(=O)C(C)N(C1=CC(=C(C=C1)F)Cl)C(=O)C2=CC=CC=C2,pyrethroid,6.62,Train
CS(=O)(=O)C1=C(C=CC(=C1)C(F)(F)F)C(=O)C2=C(ON=C2)C3CC3,pyrethroid,5.35,Train
CC1=C(C(=CC=C1)C)N(C(C)C(=O)OC)C(=O)COC,organochlorine,5.35,Train
CC1=C(SCCO1)C(=O)NC2=CC=CC=C2,unclassified,4.79,Train
CC(C)(C)C(C(CC1=C(C=C(C=C1)Cl)Cl)N2C=NC=N2)O,triazole,6.52,Train
CN(C)C(=O)NC1=CC=CC(=C1)C(F)(F)F,unclassified,5.02,Train
CNC(=O)OC1=CC=CC(=C1)N=CN(C)C,carbamate,1.63,Train
CC(C)(/C=N/OC(=O)NC)SC,carbamate,3.98,Train
CCOP(=S)(OCC)OP(=S)(OCC)OCC,organophosphate,6.51,Train
CCOP(=S)(OCC)OC1=CC=C(C=C1)[N+](=O)[O-],organophosphate,6.44,Train
CCOC1=CC=C(C=C1)C(C)(C)COCC2=CC(=CC=C2)OC3=CC=CC=C3,pyrethroid,7.97,Train
CCS(=O)CC1=CC=CC=C1OC(=O)NC,carbamate,3.08,Train
CC(CC1=CC=C(C=C1)C(C)(C)C)CN2CCCCC2,unclassified,5.44,Train
CN(S(=O)(=O)C)S(=O)(=O)NC(=O)NC1=NC(=CC(=N1)OC)OC,sulfonylurea,4.95,Train
CC(C)OC(=O)C1=CC=CC=C1OP(=S)(N)OC,organophosphate,5.39,Train
CC1=C(N=C(N=C1OC(=O)N(C)C)NC)C,carbamate,2.71,Train
CCOP(=S)(OCC)OC1=CC2=C(C=C1)C(=C(C(=O)O2)Cl)C,coumarin,6.6,Train
CCOP(=O)(/N=C/1\SCC(S1)C)OCC,organophosphate,4.55,Train
CC(C)(C)C1=NN=C(N(C1=O)N)SC,carbamate,4.53,Train
CC(C)(C)C1=CC=C(C=C1)CCOC2=NC=NC3=CC=CC=C32,unclassified,7.7,Train
CC1=NC(=NC(=N1)OC)NC(=O)NS(=O)(=O)C2=C(SC=C2)C(=O)OC,sulfonylurea,4.54,Train
CC1=CC=C(C=C1)N(SC(F)(Cl)Cl)S(=O)(=O)N(C)C,organochlorine,6.53,Train
CCCOP(=S)(OCCC)SCC(=O)N1CCCCC1C,organophosphate,6.89,Train
C1CC(=O)N2CCC3=CC=CC1=C32,botanical insecticide,4.49,Train
C1=CC=C2C(=C1)NC(=N2)C3=CC=CO3,carbamate,2.89,Train
CC(C)N(C1=CC=C(C=C1)F)C(=O)COC2=NN=C(S2)C(F)(F)F,pyrethroid,6.22,Train
C1CC1CO/N=C(/C2=C(C=CC(=C2F)F)C(F)(F)F)\NC(=O)CC3=CC=CC=C3,neonicotinoid,6.73,Train
CC(C)(C)C(=NOC(=O)NC)CS(=O)(=O)C,carbamate,3.26,Train
CCOP(=O)(NC(C)C)OC1=CC(=C(C=C1)SC)C,organophosphate,6.39,Train
CC(C)OC1=CC=CC(=C1)NC(=O)C2=CC=CC=C2C(F)(F)F,pyrethroid,5.97,Train
CCS(=O)(=O)C1=NN=C(S1)N(C)C(=O)NC,carbamate,3.14,Train
CC(=NC#N)N(C)CC1=CN=C(C=C1)Cl,neonicotinoid,3.41,Train
CC1=CC(=NC(=N1)NC2=CC=CC=C2)C3CC3,unclassified,5.9,Train
COP(=S)(OC)OC1=NC(=C(C=C1Cl)Cl)Cl,organophosphate,6.87,Train
CC1=CC(=NC(=N1)NC(=O)NS(=O)(=O)C2=CC=CC=C2C(=O)OC)C,sulfonylurea,4.65,Train
CNC(=O)CSP(=S)(OC)OC,organophosphate,3.32,Train
CC1=C(N=C(N=C1OC(=O)N(C)C)N(C)C)C,carbamate,3.55,Train
CCOP(=S)(OCC)OCCSCC,organophosphate,5.64,Train
CCOP(=S)(C1=CC=CC=C1)OC2=CC=C(C=C2)[N+](=O)[O-],organophosphate,6.92,Train
CC(C)N(C1=CC=CC=C1)C(=O)CCl,unclassified,5.31,Train
CC1=CC(=CC(=C1SC)C)OC(=O)NC,carbamate,5.83,Train
CCOP(=O)(OCC)SCCSCC,organophosphate,5.64,Train
CC1=CC2=C(C(=C(C=C2)Cl)C(=O)O)N=C1,unclassified,3.36,Train
CCOP(=S)(OCC)OC1=NC(=C(C=C1Cl)Cl)Cl,organophosphate,7.35,Train
COP(=S)(OC)SCN1C(=O)C2=CC=CC=C2N=N1,organophosphate,5.56,Train
CNC(=O)NC1=NC2=CC=CC=C2S1,carbamate,4.61,Train
C1=CC=C(C(=C1)[C@@H]2[C@@](O2)(CN3C=NC=N3)C4=CC=C(C=C4)F)Cl,triazole,6.27,Train
CCCCC1=C(N=C(NC1=O)N(C)C)C,carbamate,3.57,Train
CCOP(=S)(OCC)SCSC(C)(C)C,organophosphate,7.16,Train
CNC1=C(C(=O)C(O1)C2=CC=CC=C2)C3=CC(=CC=C3)C(F)(F)F,benzoylurea,5.77,Train
CC1=C(C=CC(=C1)OP(=S)(OC)OC)S(=O)C,organophosphate,4.82,Train
CC(C)OC(=O)NC1=CC(=CC=C1)Cl,carbamate,6.01,Train
CC1=C(C=CC(=C1C2=NOCC2)S(=O)(=O)C)C(=O)C3=CNN(C3=O)C,triazole,3.17,Train
CC(C)NC1=NC(=NC(=N1)NCCCOC)SC,carbamate,4.93,Train
CCC(C)NC1=NC(=NC(=N1)NCC)Cl,unclassified,5.7,Train
C1=CC(=C(C(=C1)F)C(=O)NC(=O)NC2=CC(=C(C(=C2F)Cl)F)Cl)F,benzoylurea,7.29,Train
COC1=NN(C(=O)S1)CSP(=S)(OC)OC,organophosphate,5.45,Train
COC(=O)N(C1=CC=CC=C1COC2=NN(C=C2)C3=CC=C(C=C3)Cl)OC,carbamate,6.7,Train
CC(C)C1=CC=C(C=C1)NC(=O)N(C)C,carbamate,5.32,Train
CC1=CC(=NN1C(=O)N(C)C)OC(=O)N(C)C,carbamate,3.57,Train
CCN(C(C)C(C)C)C(=O)SCC1=CC=CC=C1,unclassified,7.19,Train
C[C@H](C(=O)OCCON=C(C)C)OC1=CC=C(C=C1)OC2=CN=C3C=C(C=CC3=N2)Cl,unclassified,7.18,Train
CC[C@H]1CCC[C@@H]([C@H](C(=O)C2=C[C@H]3[C@@H]4C[C@@H](C[C@H]4C(=C[C@H]3[C@@H]2CC(=O)O1)C)O[C@H]5[C@@H]([C@@H]([C@H]([C@@H](O5)C)OC)OC)OC)C)O[C@H]6CC[C@@H]([C@H](O6)C)N(C)C,botanical insecticide,6.61,Train
CC(C)C1(C(=O)NC(=N1)C2=C(C=CC=N2)C(=O)O)C,unclassified,3.1,Train
CC1=CC=C(C=C1)C(C)NC(=O)[C@H](C(C)C)NC(=O)OC(C)C,carbamate,6.15,Train
CCN(C1CCCCC1)C(=O)SCC,unclassified,6.91,Train
CCC(C)NC1=NC(=NC(=N1)NCC)OC,carbamate,4.39,Train
CCCCC(CN1C=NC=N1)(C2=C(C=C(C=C2)Cl)Cl)O,triazole,6.74,Train
CC#CC1=NC(=NC(=C1)C)NC2=CC=CC=C2,unclassified,6.12,Train
CCC/C(=N\OCC)/C1=C(CC(CC1=O)CC(C)SCC)O,unclassified,7.16,Train
CCOC(=O)CC(C(=O)OCC)SP(=O)(OC)OC,organophosphate,4.7,Train
CN(C)C(=O)C1=C(N=CC=C1)S(=O)(=O)NC(=O)NC2=NC(=CC(=N2)OC)OC,sulfonylurea,4.57,Train
CCNC1=NC(=NC(=N1)Cl)N(CC)CC,unclassified,6.21,Train
CN(C)C(=O)NC1=CC=CC=C1,carbamate,3.21,Train
CCOC(=O)N(C)C(=O)CSP(=S)(OCC)OCC,organophosphate,6.22,Train
CCOP(=S)(OCC)SCS(=O)(=O)CC,organophosphate,5.2,Train
CC1=C(C(=CC=C1)C)N(CN2C=CC=N2)C(=O)CCl,triazole,5.27,Train
CC(=C)[C@H]1CC2=C(O1)C=CC3=C2O[C@@H]4COC5=CC(=C(C=C5[C@@H]4C3=O)OC)OC,botanical insecticide,6.39,Train
CN(C)C(=O)C(C1=CC=CC=C1)C2=CC=CC=C2,unclassified,5.47,Train
CC(C)OC(=O)NNC1=C(C=CC(=C1)C2=CC=CC=C2)OC,carbamate,6.13,Train
CC1=C(C=CC(=C1)OC(=O)NC)N(C)C,carbamate,1.63,Train
CC1=CC(=NC(=N1)NC(=O)NS(=O)(=O)C2=CC=CC=C2C(=O)OC3COC3)C,sulfonylurea,4.4,Train
CC(C(=O)OC)N(C1=CC(=C(C=C1)F)Cl)C(=O)C2=CC=CC=C2,organochlorine,6.09,Train
CC1=C(S(=O)(=O)CCO1)C(=O)NC2=CC=CC=C2,unclassified,3.69,Train
CCN(CC)C(=S)SCC(=C)Cl,organochlorine,6.54,Train
C/C(=C\C(=O)N(C)C)/OP(=O)(OC)OC,organophosphate,2.97,Train
CCOP(=S)(OCC)OC1=CC=C(C=C1)S(=O)C,organophosphate,5.35,Train
CN(C(=O)NC1=CC=C(C=C1)Br)OC,unclassified,5.14,Train
CCOP(=S)(OCC)OC1=NN(C(=O)C=C1)C2=CC=CC=C2,organophosphate,6.07,Train
CN1CCC[C@H]1C2=CN=CC=C2,botanical insecticide,0.74,Train
CC(C)N(C(C)C)C(=O)SCC(=C(Cl)Cl)Cl,unclassified,7.41,Train
COP(=S)(OC)SCN1C(=O)C2=CC=CC=C2C1=O,organophosphate,4.22,Train
CC(C)/C=N/N1C(=O)C(=NN=C1SC)C(C)(C)C,carbamate,6.57,Train
CC1=C(C(=C(C=C1)Cl)NS(=O)(=O)C2=NN3C(=CC(=NC3=N2)OC)OC)Cl,sulfonylurea,4.78,Train
CCOP(=O)(NC(C)C)OC1=CC(=C(C=C1)S(=O)(=O)C)C,organophosphate,4.83,Train
CN(C)C(=O)NC1=CC(=C(C=C1)Cl)Cl,organochlorine,5.37,Train
CO/N=C(\C1=CC=CC=C1OC2=C(C(=NC=N2)OC3=CC=CC=C3Cl)F)/C4=NOCCO4,triazole,6.19,Train
C/C(=C\OP(=S)(OC)OC)/C(=O)OC,organophosphate,5.47,Train
CCOP(=S)(NC(C)C)OC1=CC=CC=C1C(=O)OC(C)C,organophosphate,6.75,Train
CN(C)C(=O)NC1=CC=C(C=C1)OC2=CC=C(C=C2)OC,carbamate,5.38,Train
CCNC1=NC(=NC(=N1)SC)NC(C)C(C)C,carbamate,5.92,Train
CC(C)C1(C(=O)NC(=N1)C2=NC3=CC=CC=C3C=C2C(=O)O)C,unclassified,4.64,Train
CCCCCCCCSC(=O)OC1=CC(=NN=C1C2=CC=CC=C2)Cl,unclassified,7.88,Train
COC(=O)NC(=S)NC1=CC=CC=C1NC(=S)NC(=O)OC,carbamate,4.58,Train
CC(C)(C)C(/C(=C\C1=C(C=C(C=C1)Cl)Cl)/N2C=NC=N2)O,triazole,6.87,Train
CC(C(=O)OC)OC1=CC=C(C=C1)OC2=CN=C3C=C(C=CC3=N2)Cl,unclassified,6.84,Train
CCOP(=S)(OCC)OC1=NC(=NC(=C1)C)C(C)C,organophosphate,2.55,Train
CCN(CC)C1=NC(=CC(=N1)OP(=S)(OC)OC)C,organophosphate,6.58,Train
CCOP(=S)(OCC)SCCS(=O)CC,organophosphate,5.08,Train
C1=CC(=CC(=C1)OC2=CC=CC(=N2)C(=O)NC3=CC=C(C=C3)F)C(F)(F)F,benzoylurea,7.19,Train
CC(C)N1C(=NC(C)(C)C)SCN(C1=O)C2=CC=CC=C2,unclassified,6.96,Train
CCNC1=NC(=NC(=N1)SC)NC(C)(C)C,unclassified,5.49,Train
C1=CC=C(C=C1)N2C(=O)C(=C(C=N2)N)Cl,triazole,3.43,Train
CC1=CC=C(C=C1)C2=C(N=C(N2S(=O)(=O)N(C)C)C#N)Cl,pyrethroid,6.3,Train
C1CCC(CC1)N2C(=O)C3=C(CCC3)NC2=O,botanical insecticide,5.29,Train
COC1=CC(=NC(=N1)NC(=O)NS(=O)(=O)C2=C(C=CC=N2)C(F)(F)F)OC,sulfonylurea,5.55,Train
CCC1=NC(=CC(=N1)OP(=S)(OC)OC)OCC,organophosphate,6.58,Train
C1=NNC(=N1)N,carbamate,0.53,Train
CC(C)N1C(=O)C2=CC=CC=C2NS1(=O)=O,unclassified,4.72,Train
C1=CC2=C(C(=C1)Cl)N(C(=O)S2)CC(=O)O,unclassified,4.53,Train
CC1=C(C=CO1)C(=O)NC2=CC=CC=C2,unclassified,4.85,Train
C1C[C@H]2[C@@H]([C@@H]([C@@H]1O2)C(=O)O)C(=O)O,botanical insecticide,1.75,Train
CCCN(CCC)C(=O)SCCC,unclassified,6.83,Train
CCS(=O)CCSP(=O)(OC)OC,organophosphate,2.35,Train
C[C@H]1[C@@H](SC(=O)N1C(=O)NC2CCCCC2)C3=CC=C(C=C3)Cl,botanical insecticide,7.37,Train
CC1([C@H]([C@H]1C(=O)O[C@H](C#N)C2=CC(=CC=C2)OC3=CC=CC=C3)C=C(Br)Br)C,pyrethroid,7.64,Train
CCC(C)SP(=O)(OCC)SC(C)CC,organophosphate,6.88,Train
CCOP(=S)(OCC)OC1=NOC(=C1)C2=CC=CC=C2,organophosphate,6.74,Train
CCNP(=S)(OC)O/C(=C/C(=O)OC(C)C)/C,organophosphate,6.07,Train
CCCOC(=O)NCCCN(C)C,carbamate,1.82,Train
C[C@@H]1CN(C[C@@H](O1)C)CC(C)CC2=CC=C(C=C2)C(C)(C)C,unclassified,5.53,Train
CCC(C)N1C(=O)C(=C(NC1=O)C)Br,unclassified,4.58,Train
CCCN(CC)CC1COC2(O1)CCC(CC2)C(C)(C)C,unclassified,5.44,Train
CCOP(=S)(CC)SC1=CC=CC=C1,organophosphate,6.6,Train
CCN(CC)C(=O)C(C)OC1=CC=CC2=CC=CC=C21,unclassified,6.28,Train
CC1=NN=C(C(=O)N1N)C2=CC=CC=C2,triazole,3.25,Train
CC1=CC(=NN1C2=NC3=CC=CC=C3N2)C,carbamate,5.16,Train
C1=CC=C(C=C1)OC2=C(C(=C(C=C2)[N+](=O)[O-])N)Cl,organochlorine,6.51,Train
CC1(CCC(C1(CN2C=NC=N2)O)CC3=CC=C(C=C3)Cl)C,triazole,6.75,Train
COP(=S)(OC)OC1=CC=C(C=C1)SC2=CC=C(C=C2)OP(=S)(OC)OC,organophosphate,7.2,Train
CCS(=O)(=O)CCSP(=O)(OC)OC,organophosphate,2.55,Train
COC(=O)[C@]12CC3=C(C1=NN(CO2)C(=O)N(C4=CC=C(C=C4)OC(F)(F)F)C(=O)OC)C=CC(=C3)Cl,triazole,6.91,Train
CC[C@H]1CCC[C@@H]([C@H](C(=O)C2=C[C@H]3[C@@H]4C[C@@H](C[C@H]4C=C[C@H]3[C@@H]2CC(=O)O1)O[C@H]5[C@@H]([C@@H]([C@H]([C@@H](O5)C)OC)OC)OC)C)O[C@H]6CC[C@@H]([C@H](O6)C)N(C)C,botanical insecticide,6.43,Train
CC(C)(C)N(C(=O)C1=CC=CC=C1)NC(=O)C2=CC=C(C=C2)Cl,unclassified,5.85,Train
CC1(CCCCC1)C(=O)NC2=C(C(=C(C=C2)O)Cl)Cl,unclassified,6.22,Train
CCOP(=S)(OCC)OCCS(=O)CC,organophosphate,5.85,Train
CCN(CC)C(=O)SCC1=CC=CC=C1Cl,organochlorine,6.76,Train
CC(C(=O)O)OC1=CC=C(C=C1)OC2=C(C=C(C=N2)C(F)(F)F)Cl,unclassified,6.6,Train
CCC1(C(C1(Cl)Cl)C)C(=O)NC(C)C2=CC=C(C=C2)Cl,unclassified,6.59,Train
CC(/C(=N/OC(=O)NC)/C)S(=O)C,carbamate,1.83,Train
CCCCNC(=O)N1C2=CC=CC=C2N=C1NC(=O)OC,carbamate,5.5,Train
CC1=CC(=CC(=C1)C(=O)N(C(C)(C)C)NC(=O)C2=C(C(=CC=C2)OC)C)C,pyrethroid,6.0,Train
C(C(=O)O)OC1=NC(=C(C(=C1Cl)N)Cl)F,benzoylurea,4.42,Train
CC(C)(C)C1=NN=C(S1)N(C)C(=O)NC,carbamate,4.75,Train
CC1=C(C(=CC=C1)C)N(C(C)C(=O)OC)C(=O)CC2=CC=CC=C2,unclassified,6.62,Train
CCCN(CCC)C(=O)SCC1=CC=CC=C1,unclassified,7.04,Train
CC(C)CNC(=O)N1CCNC1=O,carbamate,3.67,Train
CC1=C(OC(=C1C(=O)NC2=CC=CC=C2)C)C,unclassified,5.53,Train
CCCN(CCC)C1=C(C=C(C=C1[N+](=O)[O-])S(=O)(=O)C)[N+](=O)[O-],neonicotinoid,6.41,Train
C[C@@]1(C(=O)N(C(=N1)SC)NC2=CC=CC=C2)C3=CC=CC=C3,triazole,5.84,Train
C[Si](C)(C)CC(CN1C=NC=N1)(C2=CC=C(C=C2)F)O,triazole,5.99,Train
CC1=CC=C(C=C1)NS(=O)(=O)N(C)C,carbamate,4.79,Train
CN(C(=O)NC1=CC(=C(C=C1)Br)Cl)OC,organochlorine,5.87,Train
CC(C)CC1=C(C(=NC(=C1C(=O)SC)C(F)(F)F)C(F)F)C(=O)SC,unclassified,6.99,Train
CNC(=O)OC1=CC=CC=C1C2OCCO2,carbamate,3.39,Train
CC(C)(C=NOC(=O)NC)S(=O)C,carbamate,1.91,Train
C=CCOC1=NS(=O)(=O)C2=CC=CC=C21,neonicotinoid,4.38,Train
C1=CC(=C(C(=C1)F)C(=O)NC(=O)NC2=CC(=C(C(=C2)Cl)OC3=C(C=C(C=N3)C(F)(F)F)Cl)Cl)F,benzoylurea,7.61,Train
COP(=O)(OC)OC1=CC=C(C=C1)[N+](=O)[O-],organophosphate,4.19,Train
CC(C)N(C1=CC=C(C=C1)Cl)C(=O)CSP(=S)(OC)OC,organophosphate,6.57,Train
CCOC1=CC2=C(C=C1)NC(C=C2C)(C)C,unclassified,4.8,Train
C1=CC=C(C(=C1)C2=CC=C(C=C2)Cl)NC(=O)C3=C(N=CC=C3)Cl,unclassified,5.9,Train
CC(C)(C)NC1=NC(=NC(=N1)N)Cl,unclassified,4.78,Train
CON=C(CC1=CN=CC=C1)C2=C(C=C(C=C2)Cl)Cl,neonicotinoid,5.6,Train
CCOCCOC(=O)C(C)OC1=CC=C(C=C1)OC2=C(C=C(C=N2)C(F)(F)F)Cl,unclassified,7.1,Train
CN(C(=O)NC1=CC=C(C=C1)Cl)OC,organochlorine,4.93,Train
CS(=O)(=O)C1=CC(=C(C=C1)C(=O)C2C(=O)CCCC2=O)Cl,organochlorine,4.42,Train
CC(C)OC(=O)NC1=CC=CC=C1,carbamate,5.15,Train
CCCN(CCC)C1=C(C=C(C=C1[N+](=O)[O-])C(C)C)[N+](=O)[O-],neonicotinoid,7.65,Train
CN(C)C(=O)C1=C(C=C(C=C1)NC=O)S(=O)(=O)NC(=O)NC2=NC(=CC(=N2)OC)OC,sulfonylurea,4.92,Train
CC1=CC(=C(O1)C)C(=O)N(C2CCCCC2)OC,botanical insecticide,3.11,Train
CNC(=O)ON=C(C(=O)N(C)C)SC,carbamate,2.13,Train
CCNC1=NC(=NC(=N1)Cl)NC(C)(C)C,unclassified,5.82,Train
COC1=CC(=NC(=N1)NC(=O)NS(=O)(=O)C2=C(C=CC(=C2)CNS(=O)(=O)C)C(=O)OC)OC,sulfonylurea,5.23,Train
C/C(=N\OCC1=CC=CC=C1/C(=N\OC)/C(=O)OC)/C2=CC(=CC=C2)C(F)(F)F,neonicotinoid,6.93,Validation
CCNC1=NC(=O)NC(=N1)NC(C)(C)C,unclassified,3.26,Validation
CCCCN(CC)C(=O)SCCC,unclassified,6.83,Validation
C1=CC=C(C=C1)C2=NNC(=CC2=O)Cl,triazole,4.03,Validation
CCC1=CC=CC(=C1N(C(C)COC)C(=O)CCl)C,organochlorine,6.33,Validation
CCCCCCC(C)OC(=O)COC1=NC(=C(C(=C1Cl)N)Cl)F,unclassified,7.44,Validation
CN(C)S(=O)(=O)C1=CC=C(C=C1)OP(=S)(OC)OC,organophosphate,5.19,Validation
CCCCC1=C(N=C(N=C1OS(=O)(=O)N(C)C)NCC)C,neonicotinoid,5.88,Validation
CC(C(=O)OC)OC1=CC=C(C=C1)OC2=C(C=C(C=N2)C(F)(F)F)Cl,unclassified,6.9,Validation
C1=C(C=NC(=C1Cl)NC2=C(C=C(C(=C2[N+](=O)[O-])Cl)C(F)(F)F)[N+](=O)[O-])C(F)(F)F,unclassified,5.74,Validation
CCOP(=S)(OCC)SCSCC,organophosphate,6.74,Validation
COP(=O)(N)SC,organophosphate,1.14,Validation
CCOP(=S)(OCC)SC(CCl)N1C(=O)C2=CC=CC=C2C1=O,organophosphate,6.82,Validation
COC(=O)NC1=NC2=CC=CC=C2N1,carbamate,2.2,Validation
CC(=O)NP(=O)(OC)SC,organophosphate,1.47,Validation
CC1=NC(=NC(=N1)OC)NC(=O)NS(=O)(=O)C2=CC=CC=C2OCCCl,sulfonylurea,4.54,Validation
CC(C#C)N(C)C(=O)NC1=CC=C(C=C1)Cl,organochlorine,5.33,Validation
CN/C(=N\[N+](=O)[O-])/NCC1=CN=C(S1)Cl,neonicotinoid,3.1,Validation
C1=CC=C(C(=C1)C(CN2C=NC=N2)(C3=CC=C(C=C3)F)O)F,triazole,5.24,Validation
CC(C)OP(=S)(OC(C)C)SCCNS(=O)(=O)C1=CC=CC=C1,organophosphate,6.44,Validation
CC1=CC(=CC(=C1S(=O)(=O)C)C)OC(=O)NC,carbamate,3.59,Validation
CCC(C)NC1=NC(=NC(=N1)N)Cl,unclassified,4.37,Validation
CC(C1CC1)C(CN2C=NC=N2)(C3=CC=C(C=C3)Cl)O,triazole,6.16,Validation
CC(C)OC1=CC=CC=C1OC(=O)NC,carbamate,4.58,Validation
CNC(=O)OC1=CC=CC2=CC=CC=C21,carbamate,4.86,Validation
CC1=C(CCCO1)C(=O)NC2=CC=CC=C2,unclassified,4.66,Validation
CC1=CC(=CC(=C1S(=O)C)C)OC(=O)NC,carbamate,3.27,Validation
CC1=CC=CC=C1OCC2=CC=CC=C2/C(=N\OC)/C(=O)OC,unclassified,6.5,Validation
C1=CC=C(C(=C1)NC2=NC(=NC(=N2)Cl)Cl)Cl,unclassified,5.98,Validation
CCN(CC)C(=O)C(=C(C)OP(=O)(OC)OC)Cl,organophosphate,4.4,Validation
CN(C)C(=O)NC1CCCCCCC1,carbamate,5.42,Validation
CC1=CC(=C(C(=C1C(=O)C2=C(C=CC(=C2C)Br)OC)OC)OC)OC,organochlorine,6.81,Validation
C1=CC=C(C(=C1)C(C2=CC=C(C=C2)Cl)(C3=CN=CN=C3)O)Cl,organochlorine,6.26,Validation
CC1=CC(=CC(=C1)OC(=O)NC)C(C)C,carbamate,5.94,Validation
C1=CC=C(C(=C1)C(=O)NC(=O)NC2=CC=C(C=C2)OC(F)(F)F)Cl,benzoylurea,6.71,Validation
CCOP(=S)(N1C(=O)C2=CC=CC=C2C1=O)OCC,organophosphate,6.13,Validation
CCC(CC)NC1=C(C=C(C(=C1[N+](=O)[O-])C)C)[N+](=O)[O-],carbamate,7.4,Validation
CC(C)(C)C(C(N1C=NC=N1)OC2=CC=C(C=C2)Cl)O,triazole,6.15,Validation
CO/C=C(\C1=CC=CC=C1COC2=CC=CC(=N2)C(F)(F)F)/C(=O)OC,unclassified,6.41,Validation
CN(C(=O)NC1=CC(=C(C=C1)Cl)Cl)OC,organochlorine,5.75,Validation
CCNC(=O)[C@@H](C)OC(=O)NC1=CC=CC=C1,carbamate,4.32,Validation
CCS(=O)(=O)C1=C(N=CC=C1)S(=O)(=O)NC(=O)NC2=NC(=CC(=N2)OC)OC,sulfonylurea,4.94,Validation
CCSC(=O)N(CC(C)C)CC(C)C,unclassified,7.09,Validation
CCOC(=O)NCCOC1=CC=C(C=C1)OC2=CC=CC=C2,carbamate,6.45,Validation
CC(C(=O)O)OC1=CC=C(C=C1)OC2=NC=C(C=C2)C(F)(F)F,unclassified,5.91,Validation
CC(C(=O)NC)S(=O)(=O)CCSP(=O)(OC)OC,organophosphate,2.55,Validation
COC1=NC=C(C2=NC(=NN21)S(=O)(=O)NC3=C(C=CC=C3F)F)F,sulfonylurea,6.62,Validation
C1=CC=C(C=C1)C(CCC2=CC=C(C=C2)Cl)(CN3C=NC=N3)C#N,triazole,6.37,Validation
CCCCN(CCCC)SN(C)C(=O)OC1=CC=CC2=C1OC(C2)(C)C,carbamate,7.89,Validation
CC(C(=NOC(=O)NC)C)S(=O)(=O)C,carbamate,2.05,Validation
CC1=NNC(=O)N(C1)/N=C/C2=CN=CC=C2,carbamate,1.43,Validation
CC(C)C1=CC=CC=C1OC(=O)NC,carbamate,5.22,Validation
CS(=O)(=O)C1=CC(=C(C=C1)C(=O)C2C(=O)CCCC2=O)[N+](=O)[O-],sulfonylurea,4.03,Validation
COP(=O)(OC)SCN1C2=C(C=C(C=N2)Cl)OC1=O,organophosphate,4.48,Validation
CCOP(=O)(N=C1SCCS1)OCC,organophosphate,4.03,Validation
CC1(C(=O)N(C(=O)O1)NC2=CC=CC=C2)C3=CC=C(C=C3)OC4=CC=CC=C4,carbamate,6.67,Validation
CC(=CC(=O)OC)OP(=O)(OC)OC,organophosphate,3.37,Validation
C1CC1C(=NOCC2=CC=C(C=C2)NC(=O)NC(=O)C3=C(C=CC=C3F)F)C4=CC=C(C=C4)Cl,benzoylurea,7.42,Validation
CCC1=CC=C(C=C1)C(=O)NN(C(=O)C2=CC(=CC(=C2)C)C)C(C)(C)C,unclassified,6.43,Validation
CCCN(CCC)C1=C(C=C(C=C1[N+](=O)[O-])S(=O)(=O)N)[N+](=O)[O-],neonicotinoid,6.29,Validation
CCOC(=O)NC(=S)NC1=CC=CC=C1NC(=S)NC(=O)OCC,carbamate,5.37,Validation
C1CC1(C(CC2=CC=CC=C2Cl)(CN3C(=S)N=CN3)O)Cl,triazole,6.71,Validation
CNC(=O)N(C)C1=NC2=CC=CC=C2S1,carbamate,5.22,Validation
CCOC(=O)C(C1=CC=CC=C1)SP(=S)(OC)OC,organophosphate,6.47,Validation
CCS(=O)(=O)CC1=CC=CC=C1OC(=O)NC,carbamate,2.98,Validation
C1=CC=C(C=C1)NC2=CC=CC=C2,unclassified,6.12,Validation
CCOP(=S)(OCC)SCSP(=S)(OCC)OCC,organophosphate,5.22,Validation
C1=CC(=CC=C1OC2=C3C(=CC(=CC3=NC=C2)Cl)Cl)F,unclassified,7.33,Validation
CCSCCSP(=O)(OC)OC,organophosphate,4.68,Validation
CCNC1=NC(=NC(=N1)SC)NCC,carbamate,4.27,Validation
CCCC(=NOCC)C1=C(CC(CC1=O)C2CCCSC2)O,unclassified,7.0,Validation
CC(C)NC1=NC(=NC(=N1)SC)NC(C)C,carbamate,5.44,Validation
CN1C(=C(C(=N1)Cl)C(=O)OC)S(=O)(=O)NC(=O)NC2=NC(=CC(=N2)OC)OC,sulfonylurea,6.25,Validation
CC1=CSC(=C1N(C(C)COC)C(=O)CCl)C,organochlorine,5.84,Validation
CCC(C)(C(=O)CCl)NC(=O)C1=CC(=C(C(=C1)Cl)C)Cl,unclassified,6.67,Validation
C1COC(O1)(CN2C=NC=N2)C3=C(C=C(C=C3)Cl)Cl,triazole,5.44,Validation
CCCCOC(=O)[C@@H](C)OC1=CC=C(C=C1)OC2=NC=C(C=C2)C(F)(F)F,unclassified,7.11,Validation
CCOP(=S)(OCC)OC1=CC(=C(C=C1Cl)SC)Cl,organophosphate,6.66,Validation
CC(C)N(C(C)C)C(=O)SC/C(=C/Cl)/Cl,unclassified,6.98,Validation
CC1=CC(=CC=C1)OC(=O)NC,carbamate,4.29,Validation
CCOC(=O)C1=C(N(N=C1)C)S(=O)(=O)NC(=O)NC2=NC(=CC(=N2)OC)OC,sulfonylurea,6.16,Validation
CC1=C(N=C(N=C1OC(=O)N(C)C)N(C)C=O)C,carbamate,4.57,Validation
CCOP(=S)(OCC)SCS(=O)C(C)(C)C,organophosphate,5.66,Test
CC1(CON(C1=O)CC2=CC=CC=C2Cl)C,organochlorine,5.6,Test
C/C(=C\C(=O)NC)/OP(=O)(OC)OC,organophosphate,2.71,Test
C1CCC(C1)N(CC2=CC=C(C=C2)Cl)C(=O)NC3=CC=CC=C3,organochlorine,6.84,Test
COC(=O)C1=CC=CC=C1S(=O)(=O)NC(=O)NC2=NC(=CC(=N2)OC(F)F)OC(F)F,sulfonylurea,6.02,Test
C1=CC=C(C(=C1)C(C2=CC=C(C=C2)F)(C3=CN=CN=C3)O)Cl,organochlorine,5.8,Test
COP(=O)(OC)OC1=C(C2C1CC=C2)Cl,organophosphate,5.43,Test
CC(C)(C)C1=CC(=C(C=C1)OP(=O)(NC)OC)Cl,organophosphate,6.45,Test
CC(C(=O)NC)SCCSP(=O)(OC)OC,organophosphate,3.38,Test
COP(=O)(OC)O/C(=C\Cl)/C1=CC(=C(C=C1Cl)Cl)Cl,organophosphate,6.47,Test
CC1=C(C(=CC=C1)C)N(C2CCOC2=O)C(=O)CCl,organochlorine,4.69,Test
CCC(=NOC/C=C/Cl)C1=C(CC(CC1=O)CC(C)SCC)O,organochlorine,7.02,Test
C1CN(/C(=N/[N+](=O)[O-])/N1)CC2=CN=C(C=C2)Cl,neonicotinoid,3.08,Test
CCOP(=S)(OCC)SCS(=O)(=O)C(C)(C)C,organophosphate,5.65,Test
CCCSP(=O)(OCC)SCCC,organophosphate,6.27,Test
C[C@H](C(=O)OCC#C)OC1=CC=C(C=C1)OC2=C(C=C(C=N2)Cl)F,unclassified,6.47,Test
CC1(CC/C(=C\C2=CC=C(C=C2)Cl)/C1(CN3C=NC=N3)O)C,triazole,2.56,Test
CC(C)C(C1=CC=C(C=C1)OC(F)F)C(=O)OC(C#N)C2=CC(=CC=C2)OC3=CC=CC=C3,pyrethroid,7.4,Test
CCOC(=O)/C(=C/C1=C(C=CC(=C1)N2C(=O)C3=C(C2=O)CCCC3)Cl)/Cl,organochlorine,7.18,Test
CCCCC1=C(N=C(NC1=O)NCC)C,unclassified,3.75,Test
CCNC1=NC(=NC(=N1)SC)NC(C)C,carbamate,4.88,Test
C1=CC(=C(C(=C1)Cl)Cl)C2=CNC=C2C#N,organochlorine,5.66,Test
CCOC(=O)CCN(C(C)C)SN(C)C(=O)OC1=CC=CC2=C1OC(C2)(C)C,carbamate,7.07,Test
CC(C)(C)C(=NOC(=O)NC)CSC,carbamate,5.05,Test
CC(C)NC1=NC(=NC(=N1)NC)SC,carbamate,4.26,Test
CCOP(=S)(OCC)SCCS(=O)(=O)CC,organophosphate,5.16,Test
CC1=NC(=NC(=N1)OC)NC(=O)NS(=O)(=O)C2=CC=CC=C2Cl,sulfonylurea,4.93,Test
CC1CCCCC1NC(=O)NC2=CC=CC=C2,unclassified,5.76,Test
CCOP(=S)(OCC)OC1=NN(C=N1)C2=CC=CC=C2,organophosphate,6.12,Test
CC1(CC2=C(O1)C(=CC=C2)OC(=O)NC)C,carbamate,4.63,Test
COP(=O)(C(C(Cl)(Cl)Cl)O)OC,organophosphate,3.31,Test
CCOC(=O)C(C)OC1=CC=C(C=C1)OC2=CN=C3C=C(C=CC3=N2)Cl,unclassified,7.08,Test
CC1=C(C=CC(=C1)OP(=S)(OC)OC)S(=O)(=O)C,organophosphate,4.94,Test
CC1=CC(=CC=C1)NC(=O)OC2=CC=CC(=C2)NC(=O)OC,carbamate,5.57,Test
CCC(C)(C)C(=O)OC1=C(C(=O)OC12CCCCC2)C3=C(C=C(C=C3)Cl)Cl,organochlorine,7.57,Test
CC1=C(C=C(C=C1)NC(=O)N(C)C)Cl,organochlorine,5.1,Test
C[Si](CN1C=NC=N1)(C2=CC=C(C=C2)F)C3=CC=C(C=C3)F,triazole,6.41,Test
CCOC(=O)NC1=CC(=CC=C1)OC(=O)NC2=CC=CC=C2,carbamate,5.47,Test
CC(C)(C)C(C(N1C=NC=N1)OC2=CC=C(C=C2)C3=CC=CC=C3)O,triazole,6.77,Test
CNC(=O)CSP(=O)(OC)OC,organophosphate,1.76,Test
CCOC(=O)C1=CN2C(=CC(=N2)OP(=S)(OCC)OCC)N=C1C,organophosphate,6.75,Test
CCOP(=S)(OCC)SCCSCC,organophosphate,6.8,Test
CN(C)C(=O)NC1CCC2C1C3CCC2C3,carbamate,5.76,Test
C1=CC(=NC(=C1Cl)C(=O)O)Cl,unclassified,2.21,Test
CCOC1C(C2=C(O1)C=CC(=C2)OS(=O)(=O)C)(C)C,pyrethroid,5.75,Test
COC1=CC(=NC(=N1)NC(=O)NS(=O)(=O)CC2=CC=CC=C2C(=O)OC)OC,sulfonylurea,5.58,Test
CCOC1=CC=CC=C1OS(=O)(=O)NC(=O)NC2=NC(=CC(=N2)OC)OC,sulfonylurea,5.99,Test
COP(=S)(OC)OC1=CC=C(C=C1)[N+](=O)[O-],organophosphate,5.71,Test
C1=CC=C(C(=C1)C2=NN=C(N=N2)C3=CC=CC=C3Cl)Cl,triazole,6.76,Test
CC1=CC=CC=C1C(=O)NC2=CC(=CC=C2)OC(C)C,unclassified,5.98,Test
CCS(=O)(=O)C1=C(N2C=CC=CC2=N1)S(=O)(=O)NC(=O)NC3=NC(=CC(=N3)OC)OC,sulfonylurea,5.69,Test
COC(=O)NS(=O)(=O)C1=CC=C(C=C1)N,carbamate,1.82,Test
C1=CC=C2C(=C1)NC(=N2)C3=CSC=N3,carbamate,2.66,Test
CC1=CC(=C(C=C1)C)OCC2=CC=CC=C2/C(=N\OC)/C(=O)NC,carbamate,6.47,Test
CC1=CC(=CC(=C1C)C)OC(=O)NC,carbamate,5.41,Test
CCNC1=NC(=NC(=N1)N)Cl,unclassified,2.85,Test
CN(C)C(=O)NC1=CC=C(C=C1)Cl,organochlorine,4.37,Test
CCOP(=S)(OC1=CN=C(N=C1)C(C)(C)C)OC(C)C,organophosphate,7.21,Test
CC1(C(C2=C(O1)C(=CC=C2)OC(=O)NC)O)C,carbamate,3.4,Test
CN1C(=NC(=O)N(C1=O)C2CCCCC2)N(C)C,carbamate,4.66,Test
CC(C)(C#C)NC(=O)C1=CC(=CC(=C1)Cl)Cl,unclassified,5.98,Test
C1CC1NC2=NC(=NC(=N2)N)N,carbamate,1.1,Test
CCN(CC1=CN=C(C=C1)Cl)/C(=C/[N+](=O)[O-])/NC,neonicotinoid,2.15,Test
CCCCN(C)C(=O)NC1=CC(=C(C=C1)Cl)Cl,organochlorine,6.48,Test
C1=CC=C2C(=C1)C=CC=C2NC(=O)C3=CC=CC=C3C(=O)O,unclassified,4.69,Test
CCNC1=NC(=NC(=N1)Cl)NCC,unclassified,4.57,Test
C1=CC=C(C=C1)N=NC2=CC=CC=C2,carbamate,5.36,Test
CC/C(=N\OCC)/C1=C(CC(CC1=O)C2=C(C=C(C=C2C)C)C)O,neonicotinoid,7.37,Test
CC1=NC(=NC(=N1)OC)NC(=O)NS(=O)(=O)C2=CC=CC=C2CCC(F)(F)F,sulfonylurea,5.8,Test
CCOC1=C(C=C(C=C1)NC(=O)OC(C)C)OCC,carbamate,5.71,Test
C1C(COC1(CN2C=NC=N2)C3=C(C=C(C=C3)Cl)Cl)Br,triazole,6.1,Test
CCOP(=O)(NC(C)C)OC1=CC(=C(C=C1)S(=O)C)C,organophosphate,4.84,Test
CC(C)(C)C(CCC1=CC=C(C=C1)Cl)(CN2C=NC=N2)O,triazole,6.58,Test
CC(=NOC(=O)N(C)SN(C)C(=O)ON=C(C)SC)SC,carbamate,5.01,Test
CCOP(=S)(OCC)SCS(=O)CC,organophosphate,5.13,Test
COC1=C(C=C(C=C1)C(=CC(=O)N2CCOCC2)C3=CC=C(C=C3)Cl)OC,unclassified,6.03,Test
CCCC(CN1C=NC=N1)C2=C(C=C(C=C2)Cl)Cl,triazole,6.58,Test
CCOP(=S)(OCC)SCN1C(=O)C2=CC=CC=C2N=N1,organophosphate,6.2,Test
CC(C(=NOC(=O)NC)C)SC,carbamate,3.98,Test
CCNC(=O)NC(=O)/C(=N/OC)/C#N,neonicotinoid,3.58,Test
CCOC(=O)CC(C(=O)OCC)SP(=S)(OC)OC,organophosphate,5.95,Test
C1=CC(=C(C(=C1)F)C(=O)NC(=O)NC2=CC=C(C=C2)Cl)F,benzoylurea,6.39,Test
CC1=C2C(=CC=C1)SC3=NN=CN23,carbamate,3.94,Test
CC1(C(=O)C2=C(O1)C(=CC=C2)OC(=O)NC)C,carbamate,4.0,Test
[C@@H]([C@@H](C(=O)O)S)(C(=O)O)S,unclassified,4.14,Test
CC(C)NC1=NC(=NC(=N1)SC)N=[N+]=[N-],carbamate,5.95,Test
CCNC1=NC(=NC(=N1)Cl)NC(C)C,unclassified,5.2,Test
CN(C)C(=O)NC1=CC=C(C=C1)OC2=CC=C(C=C2)Cl,carbamate,6.15,Test
CC(=NOC(=O)NC)SC,carbamate,2.34,Test
C1CSC(=NC#N)N1CC2=CN=C(C=C2)Cl,neonicotinoid,3.76,Test
CCS(=O)(=O)OC1=CC2=C(C=C1)OCC2(C)C,pyrethroid,5.43,Test
CCOP(=S)(C1=CC=CC=C1)OC2=CC=C(C=C2)C#N,organophosphate,6.57,Test
CC(C)(C)[C@@H]([C@H](CC1=CC=C(C=C1)Cl)N2C=NC=N2)O,triazole,5.95,Test
CCC(C)C1=CC=CC=C1OC(=O)NC,carbamate,5.72,Test
CN(C)NC(=O)CCC(=O)O,carbamate,0.81,Test
CC(C)NC(=O)N1CC(=O)N(C1=O)C2=CC(=CC(=C2)Cl)Cl,carbamate,6.4,Test
CCCOCC(=NC1=C(C=C(C=C1)Cl)C(F)(F)F)N2C=CN=C2,neonicotinoid,6.87,Test
CCS(=O)C1=C(N(N=C1C#N)C2=C(C=C(C=C2Cl)C(F)(F)F)Cl)N,triazole,5.87,Test
CC1=CC(=NC(=N1)NC2=CC=CC=C2)C,unclassified,5.03,Test
CN(C)C(=O)NC1=CC(=C(C=C1)OC)Cl,organochlorine,4.08,Test
CC(C)(C)C(=O)C(N1C=NC=N1)OC2=CC=C(C=C2)Cl,triazole,5.94,Test
CCC1=C(C(=CC=C1)CC)N(COC)C(=O)CCl,organochlorine,6.3,Test
CCCCOCN(C1=C(C=CC=C1CC)CC)C(=O)CCl,organochlorine,7.17,Test
CCSCC1=CC=CC=C1OC(=O)NC,carbamate,4.98,Test
COC1=CC(=NC(=N1)NC(=O)NS(=O)(=O)C2=C(C=CC=N2)OCC(F)(F)F)OC,sulfonylurea,5.26,Test
CC1=CC(=C(C(=C1)C)C2=C(C3(CCCC3)OC2=O)OC(=O)CC(C)(C)C)C,botanical insecticide,7.43,Test
CC1=NC(=NC(=N1)OC)NC(=O)NS(=O)(=O)C2=CC=CC=C2C(=O)OC,sulfonylurea,4.67,Test
CCNC1=NC(=NC(=N1)OC)NC(C)C,carbamate,3.96,Test
C1=CC(=C(C=C1Cl)Cl)C(CN2C=NC=N2)COC(C(F)F)(F)F,triazole,6.25,Test
