SMILES,RT(min),Split
C1C2=CN=C(N2C3=C(C=C(C=C3)Cl)C(=N1)C4=CC=CC=C4F)CO,6.61,Train
C(C)N(C(=O)[C@H]1CN([C@@H]2CC=3C4=C(C2=C1)C=CC=C4N(C3)C(CC)=O)C)CC,6.49,Train
COC1=C(CCN2CCC(CC2)N(C(CC)=O)C2=CC=CC=C2)C=C(C=C1)OC,6.05,Train
FC1=C(CCN2CCC(CC2)N(C(CC)=O)C2=CC=CC=C2)C=CC=C1,6.34,Train
CC(N)CC1=CC=CC=C1F,3.74,Train
OC(C1=CC=CN1CC2=CC=CC=C2F)CN(C(CC)C)C(CC)C,7.06,Train
CC(NC)CC1=CC=CC=C1OC,4.53,Train
C(\C=C\C1=CC=CC=C1)N1CC(N(CC1)C(CCC)=O)C,5.61,Train
C(C)NC(CC1=C(C=CC=C1)F)C,4.5,Train
OC1=CC=CC=C1CNCCC2=CC(OC)=C(Br)C=C2OC,6.67,Train
OC1=CC=CC=C1CNCCC2=CC(OC)=C(Cl)C=C2OC,6.48,Train
ClC1=CC(=C(C=C1OC)CCNCC1=C(C=CC=C1)OC)OC,7.0,Train
COC1=C(C=C(C(=C1)C)OC)CCNCC1=C(C=CC=C1)OC,7.04,Train
C(C)C1=CC(=C(C=C1OC)CCNCC1=C(C=CC=C1)O)OC,7.09,Train
COC1=CC=CC=C1CNCCC2=CC(OC)=C(CC)C=C2OC,7.58,Train
COC1=CC=CC=C1CNCCC2=CC(OC)=C([N+]([O-])=O)C=C2OC,6.45,Train
COC1=CC=CC=C1CNCCC2=CC(OC)=C(SC(C)C)C=C2OC,7.73,Train
BrC1=C2C(=C(C=3CCOC31)CCN)OCC2,5.5,Train
NCCC1=CC(OC)=C(C)C=C1OC,5.12,Train
COC1=C(C=C(C=C1)OC)CCN,4.16,Train
COC1=C(I)C=C(OC)C(CCN)=C1,5.73,Train
NCCC1=CC(OC)=C([N+]([O-])=O)C=C1OC,4.37,Train
C(C)SC1=CC(=C(C=C1OC)CCN)OC,5.71,Train
COC1=C(C=C(C(=C1)SCCC)OC)CCN,6.4,Train
FC1=C(C=CC=C1)C1(C(CCCC1)=O)NC,4.32,Train
CC(NC)C(C1=CC=C(C)C(C)=C1)=O,5.09,Train
O=C(C1=NN(C2=CC=CC=C2F)C3=C1C=CC=C3)OC4=CC=C5C=CC=CC5=C4,10.45,Train
ClC=1C=C(C=CC1)C(C(C)N(C)C)=O,4.49,Train
ClC=1C=C(C=CC1)C1(CCCCC1)N1CCCCC1,6.57,Train
FC=1C=C(C=CC1)CC(N)C,3.74,Train
FC=1C=C(C=CC1)CC(C)NC,4.06,Train
FC=1C=C(C=CC1)C(C(C)NC)=O,3.43,Train
NC(C)CC1=CC=CC(OC)=C1,4.53,Train
N1(CCCCC1)C1(CCCCC1)C=1C=C(C=CC1)O,5.25,Train
FC1=CC(C(N2CCN(C3CCCCC3)CC2)CC4=CC=CC=C4)=CC=C1,7.6,Train
FC=1C=C(C=CC1)C1(CCCCC1)N1CCCCC1,6.05,Train
CNC(C(=O)C1=CC=C(C=C1)C)CCCC,6.32,Train
CC1=CC=C(C=C1)CCN1CCC(CC1)N(C(CC)=O)C1=CC=CC=C1,6.75,Train
CC(OC1=CC=CC2=C1C(CCN(CC=C)C)=CN2)=O,4.95,Train
BrC1=CC=C(C=C1)C(C(C)NC)=O,4.81,Train
CC(N(C)C)C(C1=CC=C(Cl)C=C1)=O,4.72,Train
CCNC(C)C(=O)C1=CC=C(CC)C=C1,5.44,Train
CC(N)CC1=CC=C(F)C=C1,3.74,Train
C(C)NC(CC1=CC=C(C=C1)F)C,4.56,Train
FC1=CC=C(C=C1)C(C(CCC)NC)=O,5.19,Train
CC(C)N(CCC1=CNC2=C1C(O)=CC=C2)C(C)C,4.68,Train
OC1=CC=CC2=C1C(CCN(CC)C)=CN2,3.52,Train
C(C)NC(C(=O)C1=CC=C(C=C1)C)C,4.59,Train
COC1=CC=C(C2(N3CCCCC3)CCCCC2)C=C1,6.25,Train
CCCC(N(C1=CC=C(OC)C=C1)C2CCN(CCC3=CC=CC=C3)CC2)=O,6.87,Train
NC1=NC(C)C(C2=CC=CC=C2)O1,4.2,Train
CC(C)(C)[C@H](NC(C1=NN(CCCCO)C2=C1C=CC=C2)=O)C(OC)=O,8.29,Train
CCC(N(C1=CC=CC=C1)C2(C3=CC=CC=C3)CCN(CCC4=CC=CC=C4)CC2)=O,7.55,Train
CN([C@H]1[C@@H](CCCC1)N(C(CC1=CC=C(C=C1)C1=CC=CC=C1)=O)C)C,7.28,Train
O=C(C1=CN(CCCCC#N)C2=NC=CC=C21)NC(C3=CC=CC=C3)(C)C,8.05,Train
CC(N(C)C)C(C1=CC=C(CC)C=C1)=O,5.28,Train
CC(C)(NC(=O)c1nn(CCCCCF)c2ccccc12)c1ccc(F)cc1,9.37,Train
FCCCCN1N=C(C2=CC=CC=C12)C(=O)N[C@H](C(=O)OC)C(C)(C)C,9.16,Train
FCCCCN1N=C(C2=CC=CC=C12)C(=O)N[C@H](C(=O)OC)C(C)(C)C,9.37,Train
FCCCCN1N=C(C2=CC=CC=C12)C(=O)N[C@H](C(=O)O)C(C)(C)C,8.58,Train
CCCCC(N1CCCC1)C(C2=CC=C(F)C=C2)=O,6.06,Train
CCCC(N1CCCC1)C(C2=CC=C(F)C=C2)=O,5.37,Train
ClC1=CC2=C(NC(N2C2CCN(CC2)CC2=CC=C(C=C2)Cl)=O)C=C1Cl,7.41,Train
O=C(C1=CN(CCCCCF)C2=C1C=CC=C2)C3=CC=CN=C3,8.2,Train
COC1=CC2=C(NC=C2CC(C)N)C=C1,4.29,Train
COC=1C=C2C(=CNC2=CC1)CCN(C)C,4.08,Train
CC(N(C(C)C)CCC1=CNC2=C1C=C(OC)C=C2)C,5.34,Train
C(C)OC1=CC=C(C=C1)CC1=NC2=C(N1CCN(CC)CC)C=CC(=C2)C,5.59,Train
O=C(C1=CN(CCCCCF)C2=C1C=CC=C2)NCC3CC3,8.42,Train
O=C(C1=CN(CCCCCF)C2=C1C=CC=C2)N3CCCC3,8.32,Train
O=C(C1=NN(CCCCCCl)C2=C1C=CC=C2)NC(C(N)=O)C(C)C,8.58,Train
O=C(C1=NN(CCCCCCl)C2=C1C=CC=C2)NC34CC5CC(C4)CC(C5)C3,10.99,Train
O=C(Oc1cccc2cccnc12)c1cn(CCCCCF)c2ncccc12,8.93,Train
CC(C)(C)[C@H](C(OC)=O)NC(C1=NN(CCCCCF)C2=C1C=CC=C2)=O,9.62,Train
O=C(C1=CN(CCCCCF)C2=C1C=CC=C2)NC(C(N)=O)C(C)(C)C,8.25,Train
FCCCCCN1N=C(C2=CC=CC=C12)C(=O)N[C@H](C(=O)OCC)C(C)C,9.6,Train
CC(C)[C@@H](C(OC)=O)NC(C1=NN(CCCCCF)C2=C1C=CC=C2)=O,9.23,Train
CC(C)[C@@H](C(O)=O)NC(C1=NN(CCCCCF)C2=C1C=CC=C2)=O,8.58,Train
O=C(C1=NN(CCCCCF)C2=C1C=CC=C2)OC34CC5CC(C4)CC(C5)C3,10.97,Train
O=C(C1=CN(CCCCCF)C2=NC=CC=C12)NC(C)(C3=CC=CC=C3)C,8.81,Train
CC(C)(C1=CC=CC=C1)NC(=O)C2=CN(C3=CC=CC=C32)CCCCCF,9.37,Train
FCCCCCN1C2=C(C=3C=CC=CC13)C(N(C=C2)C(C)(C)C2=CC=CC=C2)=O,9.43,Train
FCCCCCN1C=C(C2=CC=CC=C12)C(=O)NC(C(=O)OCC)C(C)(C)C,9.67,Train
FCCCCCN1C=C(C2=CC=CC=C12)C(=O)NC(C(=O)OCC)C(C)C,9.29,Train
CC(C)(C)[C@H](NC(C1=CN(CCCCCF)C2=C1C=CC=C2)=O)C(OC)=O,9.28,Train
FCCCCCN1C=C(C2=CC=CC=C12)C(=O)N[C@H](C(=O)O)C(C)(C)C,8.74,Train
O=C(C1=CN(CCCCCF)C2=C1C=CC=C2)NC3=C4C=CC=CC4=CC=C3,9.27,Train
O=C(C1=NN(CCCCCF)C2=C1C=CC=C2)OC3=C4N=CC=CC4=CC=C3,9.17,Train
O=C(C1=CN(CCCCCF)C2=C1C=CC=C2)OC3=C4N=CC=CC4=CC=C3,9.41,Train
O=C(C1=CN(CCCCCF)C2=C1C=CC=C2)O,7.89,Train
O=C(C1=CN(CCCCCF)C2=C1C=NC=C2)NC3=C4C=CC=CC4=CC=C3,6.8,Train
O=C(Oc1cccc2ccccc12)c1nn(CCCCCF)c2ccccc12,10.12,Train
C1C(=O)NC2=C(C=C(C=C2)N)C(=N1)C3=CC=CC=C3Cl,4.74,Train
O=C(C1=CN(CCN2CCOCC2)C3=C1C=CC=C3)C4C(C)(C)C4(C)C,7.82,Train
CC1(C)C(C(=O)C2=CN(CC3CCOCC3)C3=CC=CC=C23)C1(C)C,9.61,Train
O=C(C1C(C)(C)C1(C)C)/N=C2SC(C)=C(C)N\2CCOC,8.52,Train
O=C(C1=CN(CCCCC)C2=C1C=CC=C2)C34CC5CC(C4)CC(C5)C3,11.18,Train
O=C(C1=CN(CC2CCCCC2)C3=C1C=CC=C3)N[C@@H](C(C)C)C(N)=O,9.18,Train
O=C(C1=NN(CC2CCCCC2)C3=C1C=CC=C3)N[C@@H](C(C)C)C(N)=O,9.39,Train
O=C(O)C(C)C(NC(C1=NN(CC2=CC=C(F)C=C2)C3=C1C=CC=C3)=O)C(N)=O,7.55,Train
O=C(O)CCCCN1N=C(C(NC(C(N)=O)C(C)C)=O)C2=C1C=CC=C2,6.79,Train
C(N)(=O)C(C(C)(C)C)NC(=O)C1=NN(C2=CC=CC=C12)CCCC=C,8.99,Train
BrC=1C=C2C(=NN(C2=CC1)CCCC)C(=O)NC(C(C)(C)C)C(N)=O,9.7,Train
CC(C)(C)C(NC(C1=CN(CC2=CC=CC=C2)C3=C1C=CC=C3)=O)C(N)=O,8.54,Train
O=C(C1=NN(CC2=CC=CC=C2)C3=C1C=CC=C3)NC(C(C)(C)C)C(N)=O,8.71,Train
FC1=CC=C(C=C1)CN1C=C(C2=CC=CC=C12)CC(=O)NC(C(=O)N)C(C)(C)C,8.66,Train
O=C(NC(C(N)=O)C(C)(C)C)C1=NN(CC2=CC=C(F)C=C2)C3=C1C=CC=C3,8.65,Train
C(N)(=O)C(C(C)(C)C)NC(=O)C1=NN(C2=CC=CC=C12)CCCCCC,9.78,Train
C(N)(=O)C(C(C)(C)C)NC(=O)C1=NN(C2=CC=CC=C12)CCC1=CC=CC=C1,4.51,Train
CC(C)(C)C(NC(=O)c1nn(CCCCC(=O)O)c2ccccc12)C(N)=O,7.31,Train
O=C(O)CCCCN1C=C(C(NC(C(C)(C)C)C(N)=O)=O)C2=C1C=CC=C2,7.23,Train
O=C(NCC1(N(C)C)CCCCC1)C2=CC=C(Cl)C(Cl)=C2,6.45,Train
O=C(C1=NN(CCCCC)C2=C1C=CC=C2)NC34CC5CC(C4)CC(C5)C3,11.3,Train
O=C(O)CCCCn1nc(C(=O)NC23CC4CC(CC(C4)C2)C3)c2ccccc21,9.74,Train
[H][C@@]1(CN(CC=C)[C@]2([H])CC3=CNC4=CC=CC(=C34)C2=C1)C(=O)N(CC)CC,6.0,Train
O=C([C@H](C=C12)CN(C)[C@]2([H])CC3=CN(C(C)=O)C4=C3C1=CC=C4)N(CC)CC,5.97,Train
FCCCCCN1C=C(C(=O)C2=CC=CC3=CC=CC=C23)C2=C1C=C(C=C2)N(=O)=O,9.97,Train
CN1CCCCC1CN1C=C(C(=O)C2=C(I)C=CC(=C2)N(=O)=O)C2=CC=CC=C12,7.09,Train
O=C(C1=CN(CCCCCF)C2=C1C=CC=C2)C3=C4C=CC=CC4=CC=C3,9.62,Train
O=C(C1=NC2=CC=CC=C2N1CCCCCF)C3=C4C=CC=CC4=CC=C3,9.8,Train
N#CCCCCN1C=C(C(C2=C3C=CC=CC3=CC=C2)=O)C4=C1C=CC=C4,8.92,Train
O=C(C1=CC=CC=C1I)C2=CN(CC3N(C)CCCC3)C4=C2C=CC=C4,6.73,Train
OC[C@@H](C)NC(CCCCCCC/C=C\CCCCCCCC)=O,11.42,Train
O=C(C1=C(C)N(CCN2CCOCC2)C3=C1C=CC(I)=C3)C4=CC=C(OC)C=C4,8.41,Train
O=C(C1=CC=CC=C1I)C2=CN(CCCCC)C3=C2C=CC=C3,9.96,Train
CCCC(=O)N1CCN(CC1)C/C=C/C2=CC=CC=C2,5.36,Train
C(C=CC1=CC=CC=C1)N1CC(N(C(C1)C)C(CC)=O)C,5.538,Train
O=C(C1=NN(CCCCC)C2=C1C=CC=C2)OC34CC5CC(C4)CC(C5)C3,11.53,Train
NC(C(CC1=CC=CC=C1)NC(=O)C1=NN(C2=CC=CC=C12)CCCC)=O,8.75,Train
O=C(C1=NN(CC2=CC=C(F)C=C2)C3=C1C=CC=C3)NC(CC4=CC=CC=C4)C(N)=O,8.68,Train
O=C(C1=NN(CC2CCOCC2)C3=C1C=CC=C3)NC45CC6CC(C5)CC(C6)C4,10.3,Train
CC(N(C1CCN(CCC2=CC=CC=C2)CC1)C3=CC=CC=C3)=O,5.69,Train
CC(N(C1CCN(CCC2=CC=C(C)C=C2)CC1)C3=CC=CC=C3)=O,6.3,Train
[H][C@@]12OC3=C(OC)C=CC4=C3[C@]11CCN(C)[C@]([H])(C4)[C@]1([H])C=C[C@]2([H])OC(C)=O,5.14,Train
C=CC(N(C1=CC=CC=C1)C2CCN(CCC3=CC=CC=C3)CC2)=O,6.17,Train
CN(C)CC1=NN=C2N1C3=CC=C(Cl)C=C3C(C4=CC=CC=C4)=NC2,6.2,Train
CCC(N(C1(COC)CCN(CCN2N=NN(CC)C2=O)CC1)C3=CC=CC=C3)=O,6.23,Train
OCC1=NN=C2CN=C(C3=CC=CC=C3)C3=C(C=CC(Cl)=C3)N12,7.11,Train
C1(=CC=CC=C1)C(C(CCCC)N1CCCC1)=O,5.88,Train
C1(=CC=CC=C1)C(C(C)N1CCCC1)=O,3.82,Train
CCCC(N1CCCC1)C(C2=CC=CC=C2)=O,5.1,Train
NC(CC1=CC=CC=C1)C,3.56,Train
[H][C@@](CO)(C(=O)O[C@]1([H])C[C@]2([H])CC[C@]([H])(C1)N2C)C1=CC=CC=C1,4.45,Train
O=C\1N(C2=CC=CC=C2/C1=N/NC(C1=CC=CC=C1)=O)CCCC=C,9.79,Train
C1(CCCCC1)CN1C(\C(\C2=CC=CC=C12)=N/NC(C1=CC=CC=C1)=O)=O,10.61,Train
[H][C@]12CC[C@]([H])(C[C@@]([H])(C1)OC(C1=CC=CC=C1)C1=CC=CC=C1)N2C,7.21,Train
O=C(C1=CC=C(OCO2)C2=C1)N(C3=CC=CC=C3)C4CCN(CCC5=CC=CC=C5)CC4,6.8,Train
CCC(N(C1CCN(CC2=CC=CC=C2)CC1)C3=CC=CC=C3)=O,6.02,Train
BrC1=CC=C(C=C1)NC1C2CC3CC(CC1C3)C2,11.06,Train
O=C1NC2=CC=C(Br)C=C2C(C3=NC=CC=C3)=NC1,6.45,Train
BrC=1C=CC2=C(C(=NCC=3N2C(=NN3)C)C3=CC=CC=C3)C1,7.71,Train
CC(N)CC1=C2C(OC=C2)=C(Br)C3=C1OC=C3,6.5,Train
CCC(=O)N(C1CCN(CCC2C=CC=CC=2)CC1)C1C=CC(Br)=CC=1,6.98,Train
BrC1=CC=C(C=C1)C(C)N1CCC(CC1)N1C(NC2=C1C=CC=C2)=O,5.259,Train
CN(CCC1=CNC2=CC=C(C=C12)O)C,1.94,Train
CCC(NC)C(C1=CC=CC=C1)=O,3.95,Train
C(C)(C)(C)NC(C(=O)C1=CC(=CC=C1)Cl)C,5.63,Train
C(CCC)OC1=CC=C(C=C1)CC1=NC2=C(N1CCN(CC)CC)C=CC(=C2)[N+](=O)[O-],7.77,Train
OC1=CC=C2C[C@]3([H])[C@]4(O)CCCC[C@]4(CCN3CC5CCC5)C2=C1,5.65,Train
O=C(NC1CC1)CCCCCCCCCCOC2=CC(CCCCC)=CC(O)=C2,10.57,Train
O=C(NC1CC1)CCCCCCCCCCOC2=CC(O)=CC=C2CCCCCC,10.89,Train
CCCCCCC(C)(C)C1=CC(O)=CC(OCCCCCCCC(O)=NC2CC2)=C1,10.78,Train
O[C@H]1C[C@@H](C2=CC=C(C(C)(C)CCCCCC)C=C2O)[C@H](CCCO)CC1,9.85,Train
O=C(C1=CN(CCCCC)C2=C1C=CC=C2)NC(C)(C3=CC=CC=C3)C,9.99,Train
CC(C)(C1=CC=CC=C1)N1C(C2=C(N(C=3C=CC=CC23)CCCCC)C=C1)=O,10.2,Train
O=C(C1=NN(CC2CCOCC2)C3=C1C=CC=C3)NC(C)(C4=CC=CC=C4)C,9.19,Train
C1(=CC=CC=C1)CCN1CCC(CC1)(C(=O)OC)N(C(CC)=O)C1=CC=CC=C1,6.54,Train
C[C@H](N)C(C1=CC=CC=C1)=O,2.8,Train
[H][C@]1(C[C@@]2([H])C[C@]3([H])N(CCC4=CC(OC)=C(OC)C=C34)C[C@]2([H])CC)NCCC2=CC(O)=C(OC)C=C12,3.97,Train
ClC1=CC=C(C=C1)N(C(CC)=O)C1CCN(CC1)CCC1=CC=CC=C1,6.88,Train
ClC1=C(C=CC=C1)C(C(C)NC)=O,4.39,Train
ClC1=C(C=CC=C1)C1=NCC=2N(C3=C1C=C(C=C3)[N+](=O)[O-])C(=NN2)C,6.94,Train
O=C(C1CCCC1)N(C2=CC=CC=C2)C3CCN(CCC4=CC=CC=C4)CC3,7.3,Train
O=C(C1CC1)N(C2=CC=CC=C2)C3CCN(CCC4=CC=CC=C4)CC3,6.48,Train
CC(N(C)C)CC1=CC=CC=C1,3.94,Train
N1C=C(C2=CC=CC=C12)CCN(C)C,3.89,Train
CC(N)CC1=CC(OC)=C(Cl)C=C1OC,5.46,Train
CC(N)CC1=CC(OC)=C(C)C=C1OC,5.48,Train
O=C1NC2=CC=C(Cl)C=C2C(C3=CC=CC=C3Cl)=NC1,7.74,Train
O=C1NC2=CC=C(Cl)C=C2C(C3=CC=CC=C3F)=NC1,7.5,Train
BrC=1C=CC2=C(C(=NCC(N2)=O)C2=CC=CC=C2)C1,7.9,Train
ClC=1C=CC2=C(C(=NCC(N2)=S)C2=C(C=CC=C2)F)C1,8.13,Train
C(C)C1=CC=2C(=NCC=3N(C2S1)C(=NN3)C)C3=CC=CC=C3,7.62,Train
CNC1(C(CCCC1)=O)C1=CC=CC=C1,4.29,Train
CC1CN(CCC2=CC=CC=C2)CCC1NC3=CC=CC=C3,6.76,Train
CC1=CC=CC=C1NC2CCN(CCC3=CC=CC=C3)CC2,6.72,Train
FC1=CC=C(NC2CCN(CC3=CC=CC=C3)CC2)C=C1,6.11,Train
CC(OC1=C(O[C@@H]2[C@]34CCN(C)[C@@H]([C@@H]4C=C[C@@H]2OC(C)=O)C5)C3=C5C=C1)=O,5.14,Train
O1COC2=C1C=CC(=C2)C(C(CC)N(C)C)=O,4.31,Train
CN1C2=C(C=C(C=C2)Cl)C(C3=C(Cl)C=CC=C3)=NCC1=O,8.21,Train
CC(C)CC(N)C1(CCC1)C1=CC=C(Cl)C=C1,7.53,Train
CCCC(N(CC)CC)C(C1=CC=C(OCO2)C2=C1)=O,5.51,Train
FC1=C(CCN2CCC(CC2)N(C(CC)=O)C2=C(C=CC=C2)F)C=CC=C1,6.52,Train
O[C@@H]1[C@@H]2OC3=C(OC)C=CC4=C3[C@@]2([C@H]5CC1)CCN(C)[C@@H]5C4,3.39,Train
C1(=CC=CC=C1)C(C(CC)=O)(CC(C)N1CCCC1)C1=CC=CC=C1,7.5,Train
O=C(C1=C2C=CC=CC2=C(CC)C=C1)C3=CN(CCCCCF)C4=C3C=CC=C4,10.18,Train
O=C(N[C@H](C(OCC)=O)C(C)(C)C)C1=NN(CCCCC)C2=C1C=CC=C2,10.73,Train
FCCCCCN1C2=CC=CC=C2C2=C1C=CC(=C2)C(=O)C1=CC=CC2=CC=CC=C12,10.74,Train
CC(C)[C@@H](C(OCC)=O)NC(C1=NN(CC2=CC=C(F)C=C2)C3=C1C=CC=C3)=O,9.77,Train
[H][C@]1(C[C@@]2([H])C[C@]3([H])N(CCC4=CC(OC)=C(OC)C=C34)C[C@]2([H])CC)NCCC2=CC(OC)=C(OC)C=C12,4.5,Train
CC(NCC)C(C1=CC=CC=C1)=O,3.54,Train
O=C(N(C1=CC=CC=C1)C2CCN(CCC3=CC=CC=C3)CC2)COCC,6.05,Train
O=C(CC)N(C1CCN(CCC2=CNC3=C2C=CC=C3)CC1)C4=CC=CC=C4,6.53,Train
CC(NCC)C(C1=CC=C(OCO2)C2=C1)=O,3.87,Train
CCOC(=O)C(C1CCCCN1)C2=CC=CC=C2,5.61,Train
C(C)NC1(CCCCC1)C1=CC=CC=C1,5.71,Train
CC(NCC)CC1=CC=CC=C1,4.19,Train
ClC1=CC=CC=C1C2=NCC3=NN=C(C)N3C4=C2C=C(CC)S4,7.7,Train
O=C(C1=CN(CC2=CC=C(F)C=C2)C3=C1C=CC=C3)NC4=C5C=CC=CC5=CC=C4,9.44,Train
O=C(C1=CN(CC2=CC=C(F)C=C2)C3=C1C=CC=C3)OC4=C5C=CC=CC5=CC=C4,10.44,Train
FC1=CC=C(CN2C=C(C3=CC=CC=C23)C(=O)C2C(C2(C)C)(C)C)C=C1,10.29,Train
O=C(C1=NN(CC2=CC=C(F)C=C2)C3=C1C=CC=C3)NC45CC6CC(C5)CC(C6)C4,10.81,Train
O=C(O)c1cn(Cc2ccc(F)cc2)c2ccccc12,8.2,Train
O=C(OC)N(C1CCN(CCC2=CC=CC=C2)CC1)C3=CC=CC=C3,6.05,Train
CC1=NN=C2N1C3=C(C=C(C=C3)Cl)C(=NC2)C4=CC=CC=C4F,7.3,Train
O=C1NC2=CC=C(Br)C=C2C(C3=CC=CC=C3F)=NC1,7.65,Train
CC1=NN=C2N1C3=C(C=C(C=C3)Br)C(=NC2)C4=CC=CC=C4F,7.39,Train
ClC1=CC=2C(=NCC=3N(C2S1)C(=NN3)C)C3=C(C=CC=C3)F,7.34,Train
C(C)C=1SC=2N3C(=NN=C3CN=C(C2C1)C1=C(C=CC=C1)F)C,7.47,Train
C(C)N(CCN1C(=NC2=C1C=CC(=C2)[N+](=O)[O-])CC2=CC=C(C=C2)F)CC,6.2,Train
O=C1N(C)C2=CC=C([N+]([O-])=O)C=C2C(C3=CC=CC=C3F)=NC1,7.28,Train
CC(C)C(N(C1=CC=C(F)C=C1)C2CCN(CCC3=CC=CC=C3)CC2)=O,6.88,Train
ClC=1C=CC2=C(C(=NCC(N2CCN(CC)CC)=O)C2=C(C=CC=C2)F)C1,6.41,Train
C1(=CC=CC=C1)N(C(=O)C=1OC=CC1)C1CCN(CC1)CCC1=CC=CC=C1,6.3,Train
C1(=CC=CC=C1)N(C(=O)C=1OC=CC1)C1CCNCC1,4.81,Train
CCCCCC(N(C1CCN(CCC2=CC=CC=C2)CC1)C3=CC=CC=C3)=O,7.75,Train
CCCCCC1=CC(=C2C3C=C(CCC3C(OC2=C1)(C)C)CO)O,9.86,Train
CCCCCn1nc(C(=O)OCC(C)C)c2ccccc21,10.5,Train
O=C(C1=C(C)N(CCC)C2=C1C=CC=C2)C3=C4C=CC=CC4=CC=C3,9.74,Train
CCCCCN1C=C(C(C2=C3C=CC=CC3=CC=C2)=O)C4=C1C=CC=C4,10.35,Train
CCCCCN1C2=CC(OC)=CC=C2C(C(C3=CC=CC4=C3C=CC=C4)=O)=C1,10.39,Train
O=C(C1=C(C=CC=C2)C2=CC=C1)C3=NC4=C(C=CC=C4)N3CCCCC,10.55,Train
O=C(C1=C2C=CC=CC2=CC=C1)C3=CN(C(C)(C)CC)C4=C3C=CC=C4,10.17,Train
O=C(C1=CN(CCCC2OC2)C3=C1C=CC=C3)C4=C5C(C=CC=C5)=CC=C4,9.12,Train
O=C(C1=CC=CC2=C1C=CC=C2)C3=CN(CCCCCBr)C4=CC=CC=C43,10.21,Train
C1(=CC=CC2=CC=CC=C12)C(=O)C1=CN(C2=CC=CC=C12)CCCCC(=O)O,8.76,Train
O=C(C1=CN(CCCCCC)C2=C1C=CC=C2)C3=C4C=CC=CC4=CC=C3,10.66,Train
O=C(C1=C2C=CC=CC2=CC=C1)C3=CN(CCCC=C)C4=C3C=CC=C4,10.12,Train
O=C(C1=C2C=CC=CC2=CC=C1)C3=CN(CCCCC)C=C3,9.83,Train
COC1=CC=C(C2=CC=CC=C12)C(=O)C1=CN(C2=CC=CC=C12)CCCCC,10.49,Train
O=C(C1=C2C=CC=CC2=C(OC)C=C1)C3=C(C)N(CCCCC)C4=C3C=CC=C4,10.6,Train
CCCCCn1c(CC)c(C(=O)c2cccc3ccccc23)c2ccccc21,10.84,Train
O=C(C1=C2C=CC=CC2=C(C)C=C1)C3=CN(CCCCC)C4=C3C=CC=C4,10.62,Train
CC1=CC=C(C2=CC=CC=C12)C(=O)C3=CN(C4=CC=CC=C43)CCCC=C,10.41,Train
O=C(C1=C2C=CC=CC2=CC=C1)C3=CN(CCCCC)C(C4=CC=CC=C4)=C3,10.79,Train
O=C(C1=CN(CCCCCCC)C(C2=CC=CC=C2)=C1)C3=C4C=CC=CC4=CC=C3,11.32,Train
O=C(C1=C2C=CC=CC2=C(C)C=C1)C3=C(C)N(CCCCC)C4=C3C=CC=C4,10.82,Train
CCCCCN1C=C(C(CC2=CC=CC=C2)=O)C3=C1C=CC=C3,9.95,Train
CCCCCN1C=C(CC2=CC=CC3=CC=CC=C23)C2=CC=CC=C12,11.34,Train
[H]\C(=C1/C=C(CCCCC)C2=CC=CC=C12)C1=CC=CC2=CC=CC=C12,12.32,Train
O=C(C1=CN(CCC)C2=C1C=CC=C2)C3=C4C=CC=CC4=C(CCC)C=C3,10.63,Train
O=C(C1=CN(CCCCC)C2=C1C=CC=C2)C3=C4C=CC=CC4=C(CCC)C=C3,11.18,Train
O=C(C1=C2C=CC=CC2=C(C)C=C1)C3=CN(CCN4CCOCC4)C5=C3C=CC=C5,7.95,Train
O=C(/C=C(C(C)(C)C)\C)C1=CN(CCN2CCOCC2)C3=CC=CC=C31,7.82,Train
CCCCCN1C=C(C(CC2=CC=C(OC)C=C2)=O)C3=C1C=CC=C3,9.89,Train
C(C)C1=CC=C(C2=CC=CC=C12)C(=O)C1=CN(C2=CC=CC=C12)CCCCC,10.85,Train
CCCCCN1C=C(C(CC2=CC=CC=C2Br)=O)C3=C1C=CC=C3,10.35,Train
CCCCCN1C=C(C(CC2=CC=CC=C2C)=O)C3=C1C=CC=C3,10.14,Train
CCCCCN1C=C(C(CC2=CC=CC(OC)=C2)=O)C3=C1C=CC=C3,9.92,Train
CCCCCN1C(C2=C3C=CC=CC3=CC=C2)=CC(C(C4=C5C=CC=CC5=CC=C4)=O)=C1,11.24,Train
O=C(C1=CN(CCCCC)C(C2=CC=CC(F)=C2)=C1)C3=C4C=CC=CC4=CC=C3,10.8,Train
CCCCCN1C(C2=CC=CC=C2Cl)=CC(C(C3=C4C=CC=CC4=CC=C3)=O)=C1,10.92,Train
O=C(C1=CN(CCCCC)C(C2=CC=CC=C2C)=C1)C3=C4C=CC=CC4=CC=C3,9.92,Train
O=C(C1=C2C=CC=CC2=C(Br)C=C1)C3=CN(CCCCC)C4=C3C=CC=C4,11.02,Train
O=C(C1=C2C=CC=CC2=C(F)C=C1)C3=CN(CCCCC)C4=C3C=CC=C4,10.64,Train
O=C(C1=C2C(Br)=CC=CC2=CC=C1)C3=CN(CCCCC)C4=C3C=CC=C4,10.33,Train
ClC1=C(C=CC=C1)C1(C(CCCC1)=O)NC,4.54,Train
[H][C@@]12CC3=C(C=C(O)C=C3)[C@@]3(CCCC[C@@]13[H])CCN2C,4.86,Train
CC(C)[C@H](NC(C1=NN(CC2CCCCC2)C3=C1C=CC=C3)=O)C(OC)=O,10.41,Train
O=C(C1=CN(CCCCCCl)C2=C1C=CC=C2)C3=C4C=CC=CC4=C(C)C=C3,10.35,Train
CCC(NC)CC1=CC=C(OCO2)C2=C1,4.65,Train
CC(CC1=CC(OCO2)=C2C=C1)NCC,4.34,Train
CC(NC)CC1=CC=C(OCO2)C2=C1,4.01,Train
CC(C(C(=O)OC)NC(=O)C1=NN(C2=CC=CC=C12)CCCC=C)(C)C,10.04,Train
BrC=1C=C2C(=NNC2=CC1)C(=O)NC(C(=O)OC)C(C)(C)C,9.06,Train
CC(C(C(=O)OC)NC(=O)C1=NNC2=CC=C(C=C12)C)(C)C,8.54,Train
CC(C)(C)[C@H](NC(C1=CC2=C(C=C1)N(CC3CCCCC3)C4=C2C=CC=C4)=O)C(OC)=O,10.93,Train
CC(C)(C)[C@@H](C(OC)=O)NC(C1=NN(CC2CCCCC2)C3=C1C=CC=C3)=O,10.61,Train
CC(C)(C)C(NC(C1=CN(CC2=CC=C(F)C=C2)C3=C1C=CC=C3)=O)C(OC)=O,9.46,Train
CC(C)(C)[C@H](NC(C1=CN(CC2=CC=C(F)C=C2)C3=C1C=CC=C3)=O)C(O)=O,8.94,Train
N1N=C(C2=CC=CC=C12)C(=O)NC(C(=O)OC)C(C)(C)C,7.95,Train
CCC(N1CCCC1)C(C2=CC=C(OCO3)C3=C2)=O,4.58,Train
CC(N1CCCC1)C(C2=CC(OCO3)=C3C=C2)=O,4.09,Train
O1COC2=C1C=CC(=C2)C(C(CCC)N2CCCC2)=O,5.29,Train
O=C(OC)C1=NN(CC2=CC=C(F)C=C2)C3=C1C=CC=C3,8.65,Train
CC(C)[C@@H](C(OC)=O)NC(C1=CN(CCCCC)C2=C1C=CC=C2)=O,9.58,Train
CC(C(C(=O)OC)NC(=O)C1=CN(C2=CC=CC=C12)CCCC=C)C,9.26,Train
CC(C(C(=O)OC)NC(=O)C1=NN(C2=CC=CC=C12)CCCC=C)C,9.56,Train
C1(CCCCC1)CN1C=C(C2=CC=CC=C12)C(=O)N[C@H](C(=O)OC)C(C)C,9.96,Train
FC1=CC=C(C=C1)CN1N=C(C2=CC=CC=C12)C(=O)N[C@H](C(=O)OC)C(C)C,9.42,Train
CC(N1CCCC1)C(C2=CC=C(OC)C=C2)=O,4.43,Train
CCCCC(N1CCCC1)C(C2=CC=C(C)C=C2)=O,6.47,Train
ClC1=CC(C(C2=CC=CC=C2)=NCCN3C)=C3C=C1,6.4,Train
CC1=C(C)C(C(C)C2=CN=CN2)=CC=C1,5.73,Train
COC1=C(OC)C(OC)=CC(CCN)=C1,3.77,Train
CN1CCCCC1CCN1C2=CC=CC=C2SC2=C1C=C(C=C2)S(C)=O,6.45,Train
CNC(CC1=CC=CC=C1)C,3.82,Train
S1C(=CC=C1)CC(C)NC,3.14,Train
CC(NC)C(C1=CC=CC(C)=C1)=O,4.38,Train
CC(N)COC1=C(C)C=CC=C1C,5.25,Train
O=C(N)CS(C(C1=CC=CC=C1)C2=CC=CC=C2)=O,6.4,Train
CN1CC[C@]23C4=C5C=CC(O)=C4O[C@H]2[C@@H](O)C=C[C@H]3[C@H]1C5,1.57,Train
C(C)NC(C(=O)C1=CC=CC=C1)CCCC,5.81,Train
ClC=1C=C(C(=O)N(CC)C2C(CCCC2)N(C)C)C=CC1Cl,6.68,Train
O1COC2=C1C=CC(=C2)C(C(CC)NC(C)C)=O,5.14,Train
C1C[C@]2([C@H]3CC4=C5[C@@]2(CCN3CCC6=CC=CC=C6)[C@H](C1=O)OC5=C(C=C4)O)O,5.41,Train
O1COC2=C1C=CC(=C2)C(C(CC)NCCC)=O,5.11,Train
CCCC1=CC=CC=C1CC(C)N,4.97,Train
COC1=CC=C(CC2=NC3=C(N2CCN2CCCC2)C=CC(=C3)[N+](=O)[O-])C=C1,5.85,Train
[N+](=O)([O-])C1=CC2=C(N(C(=N2)CC2=CC=C(C=C2)OCCC)CCN2CCCC2)C=C1,6.97,Train
CC(N(CCC1=CC(OC)=C(I)C=C1OC)CC2=CC=CC=C2OC)=O,9.63,Train
O1COC2=C1C=CC(=C2)C(C(CCC)NCCCC)=O,6.2,Train
O1COC2=C1C=CC(=C2)C(C(CCCC)NCC)=O,5.96,Train
C(C)NC(C(=O)C1=CC=CC=C1)CCCCC,6.44,Train
CCC(N(C1CCN(C)CC1)C2=CC=CC=C2)=O,4.67,Train
CNCCC1=CNC2=C1C=CC=C2,3.8,Train
CCCC(NCCC)C(C1=CC=CC=C1)=O,5.57,Train
O=C(C1=CN(CCCCCF)C2=C1C=CC=C2)OC3=C4C=CC=CC4=CC=C3,10.19,Train
C1(CCC1)CN1[C@H]2[C@@]3(CC[C@@H]([C@H]4[C@@]3(C=3C(=C(C=CC3C2)O)O4)CC1)O)O,4.28,Train
[H][C@@]12OC3=C(O)C=CC4=C3[C@]11CCN(CC3CC3)[C@]([H])(C4)[C@@]1(O)CCC2=O,3.8,Train
CCCC(N1CCCC1)C(C2=CC=C3C=CC=CC3=C2)=O,6.7,Train
Cc1nnc2n1c1ccc(cc1C(=NC2)c1ccccc1)N(=O)=O,6.75,Train
C[C@]([C@H]1C[C@@]23CC[C@@]1([C@H]4[C@@]25CCN[C@@H]3Cc6c5c(c(cc6)O)O4)OC)(C(C)(C)C)O,5.81,Train
COC1=C2C3=C(C[C@@H]4[C@H]5[C@]3(CCN4)[C@@H](O2)[C@H](C=C5)O)C=C1,3.39,Train
CCC(=O)N(C1CCNCC1)C2=CC=CC=C2,4.63,Train
O=C1C(C2=CC=CC=C2Cl)(N)CCCC1,4.45,Train
COC1=C2C3=C(C[C@@H]4[C@]5([C@]3(CCN4)[C@@H](O2)C(=O)CC5)O)C=C1,3.72,Train
CC1=CC=CC=C1C(C2=CC=CC=C2)OCCN(C)C,6.8,Train
[H][C@@]12OC3=C(OC)C=CC4=C3[C@]11CCN(C)[C@]([H])(C4)[C@@]1(O)CCC2=O,3.73,Train
O=C(C1=CN(CCCCC)C2=C1C=CC=C2)OC3=C4N=CC=CC4=CC=C3,10.12,Train
O=C(C1=CN(CCCCC)C2=C1C=CC=C2)O,8.82,Train
CCN(CC)CC1=CSC(C2=CN(CCCCC)C3=C2C=CC=C3)=N1,8.57,Train
CCCCCn1cc(-c2nc(CN(CCOC)C(C)C)cs2)c2ccccc21,8.8,Train
O=C(N)[C@H](CC1=CC=CC=C1)NC(C2=CN(CCCCCF)C3=C2C=CC=C3)=O,8.23,Train
CC12CCN(C(CC3=C1C=C(C=C3)O)C2C)CC=C(C)C,5.78,Train
O=C(C(CCC)NC)C1=CC=CC=C1,4.76,Train
CCCC(NC)C(C1=CC=C(OCO2)C2=C1)=O,4.98,Train
BrC=1C=CC2=C(C(=NCC(N2)=O)C2=C(C=CC=C2)Cl)C1,7.86,Train
BrC=1C=CC2=C(C(=NCC=3N2C(=NN3)C)C3=C(C=CC=C3)Cl)C1,7.62,Train
O=C(O)CC(C1=CC=CC=C1)CN,2.03,Train
CC(CNC)C1=CC=CC=C1,3.76,Train
C1(=CC=CC=C1)N(C(CC1=CC=CC=C1)=O)C1CCN(CC1)CCC1=CC=CC=C1,7.3,Train
O=C(N(C1CCN(CCC2=CC=CC=C2)CC1)C3=CC=CC=C3)C4=CC=CC=C4,6.89,Train
N[C@H]([C@H](O)C1=CC=CC=C1)C,2.31,Train
CC(C=C(C=1SC=CC1)C=1SC=CC1)N1CCCCC1,6.77,Train
CC(C(=O)N(C1CCN(CC1)CCC1=CC=CC=C1)C1=CC=CC=C1)(C)C,7.23,Train
CC(NCCC)C(C1=CC=C(OCO2)C2=C1)=O,4.55,Train
OC=1C=CC=C2NC=C(CCN(C)C)C12,3.0,Train
CN(C)CCC1=CNC2=C1C(=CC=C2)OP(=O)(O)O,1.13,Train
COC1=CC=C(CN(CCN(C)C)C2=CC=CC=N2)C=C1,5.69,Train
COC1=CC=CC=C1CC(C2=CN(CCC3CCCCC3)C4=C2C=CC=C4)=O,10.68,Train
O=C(O)CCN1CCC(N(C(CC)=O)C2=CC=CC=C2)(C(OC)=O)CC1,5.21,Train
O=C(C1=NN(CCCCC)C2=C1C=CC=C2)OC3=C4C=CC=CC4=CC=C3,10.74,Train
O=C(C1=CN(CCCCC)C2=C1C=CC=C2)NCC3=CC=CC=C3,9.53,Train
O=C(C1=CN(CCCCC)C2=C(C=C(C(C)C)C=C2)C1=O)NC34CC5CC(C4)CC(C5)C3,11.58,Train
O=C([C@@H]1C[C@H](O)C([C@]([C@@]1(C)CC[C@]23[H])([H])[C@@]2(C)C[C@@H](C4=COC=C4)OC3=O)=O)OC,6.81,Train
[H][C@](CO)(C(=O)O[C@]1([H])C[C@@]2([H])N(C)[C@@]([H])(C1)[C@]1([H])O[C@]21[H])C1=CC=CC=C1,3.76,Train
CC(C)=CC(N(C1CCN(CCC2=CC=CC=C2)CC1)C3=CC=CC=C3)=O,6.88,Train
[H][C@]12C[C@@]3([H])C4=CCO[C@@]5([H])CC(=O)N6C7=CC=CC=C7[C@]1(CCN2C4)[C@]6([H])[C@@]35[H],4.34,Train
FC(C=1C=C(C=CC1)N1CCNCC1)(F)F,5.67,Train
O=C(C1=NN(CCCCC)C2=C1C=CC=C2)NC3=C4N=CC=CC4=CC=C3,11.09,Train
CC(NC(C)(C)C)C(C1=CC=C(OCO2)C2=C1)=O,4.94,Train
O=C(C1OCCC1)N(C2=CC=CC=C2)C3CCN(CCC4=CC=CC=C4)CC3,5.9,Train
CCC(N(C1=CC=CC=C1)C2CCN(CCC3=CC=CS3)CC2)=O,6.02,Train
O=C(C1=CC=CS1)N(C2CCN(CCC3=CC=CC=C3)CC2)C4=CC=CC=C4,6.84,Train
ClC1=CC=CC=C1C2=NCC3=NN=C(C)N3C4=CC=C(Cl)C=C42,7.47,Train
CC(N)CC1=CC(OC)=C(OC)C=C1OC,4.37,Train
O=C(N([C@H]1[C@H](N(C)C)CCCC1)C)C2=CC=C(Cl)C(Cl)=C2,6.21,Train
ClC1=C(C=CC(=C1)Cl)CC(=O)N(C)C1[C@H](CCCC1)N(C)C,6.7,Train
ClC=1C=C(C(=O)N(C)[C@H]2[C@@H](CCCC2)N(CC)CC)C=CC1Cl,6.5,Train
ClC=1C=C(C=CC1Cl)CC(=O)N(C)[C@H]1[C@@H](CCCC1)N(C)C,6.82,Train
CN(C1C(CCCC1)N(C(CC)=O)C1=CC=CC=C1)C,5.61,Train
O=C(C1=CN(CCCCC)C2=C1C=CC=C2)C3C(C)(C)C3(C)C,10.7,Train
O=C(C1=CN(CCCCCBr)C2=C1C=CC=C2)C3C(C)(C)C3(C)C,10.58,Train
O=C(C1=CN(CCCCCCl)C2=C1C=CC=C2)C3C(C)(C)C3(C)C,10.46,Train
O=C(C1=CN(CCCCCCC)C2=C1C=CC=C2)C3C(C)(C)C3(C)C,11.35,Train
O=C(O)CCCCN1C=C(C(C2C(C)(C)C2(C)C)=O)C3=C1C=CC=C3,9.27,Train
O=C(C1=C(C)N(CCN2CCOCC2)C3=C1C=CC(Br)=C3)C4=CC=C(OC)C=C4,8.13,Train
O=C(C1C(C)(C)C1(C)C)C2=CN(CCCC(F)(F)F)C3=C2C=CC=C3,10.21,Train
COC(=O)C1C(CCC2C1CC3C4=C(CCN3C2)C5=CC=CC=C5N4)O,5.32,Train
NS(=O)(=O)CC1=NOC2=CC=CC=C12,4.59,Train
CC(C(=O)N(C1CCN(CC1)CCC1=CC=CC=C1)C1=CC=CC=C1)CC,7.11,Train
C1(CCCCC1)C(C(=O)C1=CC=CC=C1)N1CCCC1,6.44,Train
CC(CC(C(=O)C1=CC=CC=C1)N1CCCC1)C,5.79,Train
CCC(N(C1=CC=CC=C1)C2CCN(CC(C3=CC=CC=C3)C)CC2)=O,6.58,Train
CCC(NCC)C(C1=CC2=C(CCC2)C=C1)=O,6.17,Train
ClC1=CC(N2CCNCC2)=CC=C1,5.0,Train
O=C(C1=CC=CO1)N(C2CCN(CCC3=CC=CC=C3)CC2)C4=CC=CC=C4C,6.66,Train
COCC(=O)N(c1ccccc1C)C1CCN(CC1)CCc1ccccc1,6.0,Train
C=CC(N(C1=CC=C(Cl)C=C1)C2CCN(CCC3=CC=CC=C3)CC2)=O,6.78,Train
O=C(C1CC1)N(C2=CC=C(Cl)C=C2)C3CCN(CCC4=CC=CC=C4)CC3,7.07,Train
FC1=CC=C(C=C1)N(C(C)=O)C1CCN(CC1)CCC1=CC=CC=C1,5.89,Train
O=C(C1CC1)N(C2=CC=C(F)C=C2)C3CCN(CCC4=CC=CC=C4)CC3,6.6,Train
CCCCC(N(C1=CC=C(F)C=C1)C2CCN(CCC3=CC=CC=C3)CC2)=O,7.38,Train
CCCC(N(C1=CC=C(F)C=C1)C2CCN(CCC3=CC=CC=C3)CC2)=O,6.81,Train
CCC(N(C1=CC=C(F)C=C1)C2CCN(CCC3=CC=CC=C3)CC2)=O,6.35,Train
CCC(N(C1=CC=C(OC)C=C1)C2CCN(CCC3=CC=CC=C3)CC2)=O,6.45,Train
COCC(=O)N(c1ccc(cc1)OC)C1CCN(CC1)CCc1ccccc1,5.86,Train
C=CC(N(C1CCN(CCC2=CC=CC=C2)CC1)C3=CC=C(C)C=C3)=O,6.69,Train
C(CC1=CC=CC=C1)N1CCC(CC1)N(C(=O)C1CC1)C1=CC=C(C=C1)C,6.96,Train
ClC1=C(C=CC=C1)C(C(C)N(C)C)=O,4.01,Optimization
CSC1=CC(=C(C=C1OC)CCNCC1=C(C=CC=C1)OC)OC,6.91,Optimization
C(C)NC1(CCCCC1)C=1C=C(C=CC1)O,5.01,Optimization
CCCC(N1CCCC1)C(C2=CC=C(Cl)C=C2)=O,6.15,Optimization
FC1=CC=C(C=C1)C(C(C)NC)=O,3.43,Optimization
CC(N(CC)CC)C(C1=CC=C(C)C=C1)=O,4.94,Optimization
O=C(C1=NN(CCCCC#N)C2=C1C=CC=C2)NC(C3=CC=CC=C3)(C)C,8.91,Optimization
C1(=CC=CC=C1)C(C)(C)NC(=O)C1=NN(C2=CC=CC=C12)CCCC(=O)O,8.43,Optimization
FCCCCN1C=C(C2=CC=CC=C12)C(=O)NC(C(=O)OC)C(C)(C)C,9.03,Optimization
O=C1N(C)C2=CC=C(Cl)C=C2C(C3=CC=C(Cl)C=C3)=NC1,8.95,Optimization
CC(N)CC1=CC=C(OC=C2)C2=C1,4.62,Optimization
CC(N)CC1=CC2=C(NC=C2)C=C1,3.77,Optimization
C=CCN(CC=C)CCC1=CNC2=C1C=C(OC)C=C2,5.4,Optimization
O=C(C1=NN(CCCCCF)C(C2=CC=C(F)C=C2)=C1)NC(C(C)C)C(N)=O,8.7,Optimization
O=C(C1=NN(CCCCCF)C2=C1C=CC=C2)NC34CC5CC(C4)CC(C5)C3,10.56,Optimization
O=C(c1cn(CCCCCF)c2ccccc12)N1CCN(Cc2ccccc2)CC1,7.15,Optimization
O=C(C1=NN(CCCCCF)C2=C1C=CC=C2)NC3=C4C=CC=CC4=CC=C3,9.99,Optimization
O=C(NC1=C(N=CC=C2)C2=CC=C1)C3=NN(CCCCCF)C4=C3C=CC=C4,10.4,Optimization
NC=1C=CC2=C(C(=NCC(N2C)=O)C2=C(C=CC=C2)F)C1,5.3,Optimization
O=C(C1=NN(CCCCC)C2=C1C=CC=C2)N[C@H](C(N)=O)C(C)C,8.8,Optimization
NC(C(C(C)(C)C)NC(=O)C1=NN(C2=CC=CC=C12)CCCC)=O,8.89,Optimization
CC(C)(C)C(NC(=O)c1cc(-c2ccc(F)cc2)nn1CCCCCF)C(N)=O,9.1,Optimization
NC(C(C(C)(C)C)NC(=O)C1=NNC2=CC=CC=C12)=O,6.45,Optimization
O=C(C1=CN(CCCCC)C2=C1C=CC=C2)NC(C(C)(C)C)C(N)=O,9.05,Optimization
O=C(C1=CN(C[C@@H]2N(C)CCCC2)C3=C1C=CC=C3)C4=C5C=CC=CC5=CC=C4,7.16,Optimization
O=C(C1=CN(CCCCCF)C2=C1C=CC=C2)NC3=C4N=CC=CC4=CC=C3,10.16,Optimization
CC(N)CC1=CNC2=C1C=CC=C2,4.21,Optimization
O=C(C1=CN(CCCCC)C2=C1C=CC=C2)N[C@@H](CC3=CC=CC=C3)C(N)=O,9.05,Optimization
ClC1=CC2=C(C=C1)N3C(C)=NN=C3CN=C2C4=CC=CC=C4,7.45,Optimization
C(CCCCC)N1C(\C(\C2=CC=CC=C12)=N/NC(C1=CC=CC=C1)=O)=O,10.56,Optimization
C(CCCC)N1C(C(C2=CC=CC=C12)=NNC(C1=CC=CC=C1)=O)=O,10.2,Optimization
O=C(C1(N(C2=CC=CC=C2)C(CC)=O)CCN(CC3=CC=CC=C3)CC1)OC,6.34,Optimization
C1(=CC=CC=C1)N(C(=O)C=1OC=CC1)C1CCN(CC1)CC1=CC=CC=C1,6.16,Optimization
C1(CC1)CN1[C@H]2[C@]34[C@@]5(CC1)C=1C(=CC=C(C1O[C@H]5[C@]([C@H](C3)[C@@](C)(C(C)(C)C)O)(CC4)OC)O)C2,6.55,Optimization
O=C(C1=C2C=CC=CC2=CC=C1)C3=C4C=CC=CC4=C(OCCCCC)C=C3,11.45,Optimization
C/C=C/C(N(C1=CC=CC=C1)C2CCN(CCC3=CC=CC=C3)CC2)=O,6.52,Optimization
O=C(C1CCC1)N(C2CCN(CCC3=CC=CC=C3)CC2)C4=CC=CC=C4,6.95,Optimization
CC(N)CC1=CC(OC)=C(Br)C=C1OC,5.66,Optimization
O=C1C(C2=CC=CC=C2)(N)CCCC1,4.09,Optimization
[H][C@]12CC3=C(C=C(OC)C=C3)[C@]3(CCCC[C@]13[H])CCN2C,6.24,Optimization
C[C@H](NC)[C@@H](C1=CC=CC=C1)O,3.21,Optimization
ClC=1C=CC2=C(C(=NCC=3N2C=NN3)C3=CC=CC=C3)C1,7.19,Optimization
O1COC2=C1C=CC(=C2)C(C(CC)NCC)=O,4.66,Optimization
O=C(C1=CC=CC2=C1C=CC=C2)C3=CN(CC4=CC=C(F)C=C4)C5=CC=CC=C53,9.91,Optimization
O=C(C1=NN(CC2=CC=C(F)C=C2)C3=C1C=CC=C3)OC4=C5N=CC=CC5=CC=C4,9.38,Optimization
O=C(C1=CN(CC2=CC=C(F)C=C2)C3=C1C=CC=C3)OC4=C5N=CC=CC5=CC=C4,9.57,Optimization
O=C(C(CCCCC)=C1)C(O)=C([C@@H]2C=C(C)CCC2C(C)=C)C1=O,10.82,Optimization
[H][C@@]12OC3=C(O)C=CC4=C3[C@]11CCN(C)[C@]([H])(C4)[C@]1([H])CCC2=O,2.61,Optimization
CC(NC(C)(C)CO)C(=O)C1=CC(Cl)=CC=C1,5.07,Optimization
ClC=1C=C(C(=O)N(C(C)C)C2C(CCCC2)N(C)C)C=CC1Cl,7.19,Optimization
C1(=CC=CC=C1)C(C(=O)OC(C)C)C2CCCCN2,6.22,Optimization
CC=1N(C2=CC=CC=C2C1C(=O)C1=CC=CC2=CC=CC=C12)CCCCC,10.47,Optimization
CCCCCC(C)N1C(C)=C(C(=O)C2=CC=CC3=CC=CC=C23)C2=CC=CC=C12,10.97,Optimization
CCCCCN1C=C(C(O)=NC2=CC=CC3=C2N=CC=C3)C2=CC=CC=C12,10.83,Optimization
O=C(C1=CN(CC2CCCCC2)C3=C1C=CC=C3)C4=C5C=CC=CC5=C(OC)C=C4,10.94,Optimization
O=C(C1=CN(CCN2CCOCC2)C3=C1C=CC=C3)C4=C5C=CC=CC5=C(OC)C=C4,7.81,Optimization
C(CCCC)N1C=C(C2=CC=CC=C12)C(CC1=C(C=CC=C1)OC)=O,9.93,Optimization
O=C(C1=CN(CCCCC)C(C2=CC=CC=C2F)=C1)C3=C4C=CC=CC4=CC=C3,10.61,Optimization
[H][C@](COC)(N=C(C)O)C(O)=NCC1=CC=CC=C1,4.84,Optimization
N[C@H](C(=O)N[C@H](CC1=CC=CC=C1)C)CCCCN,3.22,Optimization
O=C(C1=CN(CCCCCF)C2=C1C=CC=C2)C3=C4C=CC=CC4=C(C)C=C3,9.91,Optimization
CC(C)(C)[C@H](NC(C1=NN(CC2=CC=C(F)C=C2)C3=C1C=CC=C3)=O)C(OC)=O,9.66,Optimization
CC(C)[C@@H](C(O)=O)NC(C1=NN(CC2=CC=C(F)C=C2)C3=C1C=CC=C3)=O,8.81,Optimization
O=C(C1=NN(CCCCC)C2=C1C=CC=C2)NC3=C4C=CC=CC4=CC=C3,10.72,Optimization
O=C(C1=CN(CCN2CCOCC2)C3=C1C=CC=C3OC)N[C@@H]4C(C)(C)[C@]5([H])CC[C@@]4(C)C5,8.44,Optimization
O=C(C1=NN(CC2CCCCC2)C3=C1C=CC=C3)OC(C(C)(C)C)C(OC)=O,10.76,Optimization
COC1=CC(=CC2=C1OCO2)CC(N)C,4.31,Optimization
CC1=CC(OCC2CN=C(O)O2)=CC(C)=C1,7.08,Optimization
CC(NC)C(C1=CC=CC=C1)=O,3.15,Optimization
O=C(N(C1=CC=CC=C1)C2CCN(CCC3=CC=CC=C3)CC2)COC,5.66,Optimization
COC1=CC=CC2=C1C3=C([C@@](C[C@H](/C(C(OC)=O)=C\OC)[C@H](CC)C4)([H])N4CC3)N2,6.49,Optimization
CCCCC(N(CC)CC)C(C1=CC=CC=C1)=O,6.64,Optimization
CCCC(N(C)C)C(C1=CC=C(OCO2)C2=C1)=O,5.13,Optimization
BrC1=CC=C(C(=O)N(C)[C@H]2[C@@H](CCCC2)N(C)C)C=C1,5.73,Optimization
O=C1[C@@H]2OC3=C(O)C=CC4=C3[C@@]2([C@]5(CC1)O)CCN(CC=C)[C@@H]5C4,3.47,Optimization
ClC1=CC2=C(C=C1)NC(CN=C2C3=CC=CC=C3)=O,7.68,Optimization
[H][C@@](C)(CNC)[C@@](CC1=CC=CC=C1)(OC(=O)CC)C1=CC=CC=C1,7.11,Optimization
CN(C)CC(C1=CC=C(O)C=C1)C1(O)CCCCC1,4.61,Optimization
O=C(C1=CN(CC2CCCCC2)C3=C1C=CC=C3OC)N4CC(C)N(C)CC4,7.73,Optimization
O=C(N1C2=CC=CC=C2N(CCC(C)(O)C)C1=O)N[C@@H](C(C)(C)C)C(N)=O,7.63,Optimization
CC(N)CC1=CC=C(OC)C=C1,3.99,Optimization
CC(NC)CC1=CC=C(OC)C=C1,4.15,Optimization
CCC1(C(O)=NCN=C1O)C1=CC=CC=C1,4.75,Optimization
CCCC(N1CCCC1)C(C2=CC=C(C)C=C2)=O,5.86,Optimization
O=C(C1=CN(CCCCCF)C2=C1C=CC=C2)NC34CC5CC(C4)CC(C5)C3,10.25,Optimization
O=C([C@@H]1C[C@H](OC(C)=O)C([C@]([C@@]1(C)CC[C@]23[H])([H])[C@@]2(C)C[C@@H](C4=COC=C4)OC3=O)=O)OC,7.98,Optimization
CC(C)CC(C1(C2=CC=C(Cl)C=C2)CCC1)N(C)C,7.49,Optimization
O=C(C1=NN(CCCCCF)C2=C1C=CC=C2)C3=C4C=CC=CC4=CC=C3,10.05,Optimization
S1C(=CC=C1)C1(CCCCC1)N1CCCCC1,5.75,Optimization
COC1=CC=C2[C@@H](C3)N(C)CC[C@@]24C5=C3C=CC(OC)=C5O[C@@H]14,5.02,Optimization
CCC(N(C1=CC=CC=C1)C2CCN(CC3=CC=CS3)CC2)=O,5.75,Optimization
[H][C@@]1(N)C[C@@]1([H])C1=CC=CC=C1,5.45,Optimization
ClC1=CC=C(C(=O)N(C)[C@H]2[C@@H](CCCC2)N(C)C)C=C1,5.53,Optimization
ClC=1C=C(C=CC1Cl)CC(=O)N([C@H]1[C@@H](C[C@@]2(CCCO2)CC1)N1CCCC1)C,6.95,Optimization
C1CCN(/C(=N\S(=O)(=O)C2=CC=C(C=C2)Cl)/C1)CCC3=CC=C(C=C3)[N+](=O)[O-],8.75,Optimization
O=C(C1=CN(CCCC=C)C2=C1C=CC=C2)C3C(C)(C)C3(C)C,10.5,Optimization
CC(N(C1=CC=CC=C1)C2CCN(C(C)CC3=CC=CC=C3)CC2)=O,5.95,Optimization
CCC(N(C1CCN(C(C)CC2=CC=CC=C2)CC1)C3=CC=CC=C3)=O,6.36,Optimization
O=C(C1=CC=CO1)N(C2=CC=CC=C2OC)C3CCN(CCC4=CC=CC=C4)CC3,6.49,Optimization
C=CC(N(C1CCN(CCC2=CC=CC=C2)CC1)C3=CC=CC=C3C)=O,6.51,Optimization
O=C(C1CCCC1)N(C2=CC=C(Cl)C=C2)C3CCN(CCC4=CC=CC=C4)CC3,7.91,Optimization
C=CC(N(C1=CC=C(F)C=C1)C2CCN(CCC3=CC=CC=C3)CC2)=O,6.28,Optimization
C=CC(N(C1=CC=C(OC)C=C1)C2CCN(CCC3=CC=CC=C3)CC2)=O,6.34,Optimization
C1(=CC=C(C=C1)/C=C/CN1CCN(CC1)C(CCC)=O)C,6.06,Optimization
CC(C)C(N(C1CCN(CCC2=CC=CC=C2)CC1)C3=CC=C(C)C=C3)=O,7.2,Optimization
CC(N(C1=CC=C(OC)C=C1)C2CCN(CCC3=CC=CC=C3)CC2)=O,5.98,Optimization
CC1=CC=C(C=C1)CN2CCNCC2,3.04,Validation
FC(CN1C=C(C2=CC=CC=C12)C(=O)C1=CC=CC2=CC=CC=C12)CCCC,10.32,Validation
IC1=CC(=C(C=C1OC)CCNCC1=C(C=CC=C1)OC)OC,7.39,Validation
C(C)C1=CC(=C(C=C1OC)CCN)OC,5.9,Validation
NCCC1=CC(OC)=C(C)C(C)=C1OC,5.66,Validation
COC1=C(CCN)C=C(OC)C(CCC)=C1,6.57,Validation
ClC=1C=C(C=CC1Cl)C(C(=O)OC)C1NCCCC1,6.6,Validation
CC=1C=C(C=CC1C)C(C(CCC)N1CCCC1)=O,6.53,Validation
CCCCC(N1CCCC1)C(C2=CC=C(OCO3)C3=C2)=O,6.11,Validation
CC=1C=C(C=CC1)C1(CCCCC1)N1CCCCC1,6.59,Validation
C(C)(=O)OC1=C2C(=CNC2=CC=C1)CCN(CCC)CC,5.42,Validation
COC1=CC=C(N2CCNCC2)C=C1,3.69,Validation
C12(CC3CC(CC(C1)C3)C2)NC(=O)C2=NN(C3=CC=CC=C23)CCCCF,10.47,Validation
O=C(C1=NN(CCCCCF)C2=C1C=CC=C2)N[C@@H](C(C)C)C(N)=O,8.03,Validation
O=C(C1=CN(CCCCCF)C2=C1C=CC=C2)N[C@H](C(N)=O)C(C)C,7.89,Validation
FCCCCCN1N=C(C2=CC=CC=C12)C(=O)NC(C(=O)OCC)C(C)(C)C,9.92,Validation
FCCCCCN1N=C(C(=O)N2CCCC2)C2=CC=CC=C12,8.66,Validation
FCCCCCN1C=C(C(NCC2=CC=CC=C2)=O)C3=C1C=CC=C3,8.84,Validation
CC(NC)C(C1=C(OC)C=C(OCO2)C2=C1)=O,4.23,Validation
O=C(N[C@H](C(N)=O)C(C)C)C1=C2C(C=CC=C2)=NN1CC3CCCCC3,8.58,Validation
O=C(N[C@H](C(N)=O)C(C)C)C1=CN(CC2=CC=C(F)C=C2)C3=CC=CC=C31,8.16,Validation
NC(C(C(C)(C)C)NC(=O)C1=NNC2=CC=C(C=C12)Br)=O,7.71,Validation
O=C(C1=CN(CC2=CC=C(F)C=C2)C3=C1C=CC=C3)NC(C(C)(C)C)C(N)=O,8.64,Validation
O=C(C12CC3CC(C2)CC(C3)C1)C4=CN(CC5N(C)CCCC5)C6=C4C=CC=C6,8.13,Validation
O=C(C1=CN(CCCCC)C2=C1C=CC=C2)NC34CC5CC(C4)CC(C5)C3,10.83,Validation
O=C(C1=NN(CC2CCCCC2)C3=C1C=CC=C3)N[C@@H](CC4=CC=CC=C4)C(N)=O,9.53,Validation
C1(=CC=CC=C1)C(C(CCCCC)N1CCCC1)=O,6.5,Validation
O=C(C1=CN(CC2CCCCC2)C3=C1C=CC=C3)O,9.33,Validation
[H][C@@]12CC[C@@]([H])(N1C)[C@@]([H])(C(O)=O)[C@]([H])(C2)OC(=O)C1=CC=CC=C1,4.49,Validation
O=C(C1N(CCCC1)CCCC)NC2=C(C)C=CC=C2C,5.86,Validation
C1(=CC=CC=C1)N(C(CCC)=O)C1CCN(CC1)CCC1=CC=CC=C1,6.67,Validation
O1COC2=C1C=CC(=C2)C(C(CC)NC)=O,4.2,Validation
C1(CCCCC1)NC(CC1=CN(C2=CC=CC=C12)CCCCC)=O,10.09,Validation
CC(C)(C1=CC=CC=C1)NC(=O)C1=NN(C2=CC=CC=C12)S(=O)(=O)C1=CC=C(C=C1)C,10.08,Validation
CN1CCC23C4C1CC5=C2C(=C(C=C5)OC)OC3C(C=C4)O,3.48,Validation
O=C(C1CCCCC1)N(C2CCN(CCC3=CC=CC=C3)CC2)C4=CC=CC=C4,7.63,Validation
c1ccc(cc1)CN1CCN(CC1)Cc1ccccc1,5.54,Validation
CC(NCC)C(C1=CC=C(Cl)C(Cl)=C1)=O,5.83,Validation
O=C([C@H](C=C12)CN(CC)[C@]2([H])CC3=CNC4=C3C1=CC=C4)N(CC)CC,5.81,Validation
C(C)OC1=CC=C(C=C1)CC1=NC2=C(N1CCN(CC)CC)C=CC=C2,4.53,Validation
O=C(C1=NN(CCCCCF)C2=C1C=CC=C2)C3C(C)(C)C3(C)C,10.65,Validation
C1(=CC=CC=C1)N(C(CC)=O)C1CCN(CC1)CCC1=CC=CC=C1,6.2,Validation
ClC=1C=CC2=C(C(=NCC(N2CC2CC2)=O)C2=C(C=CC=C2)F)C1,9.04,Validation
O=C(C1=CC=CO1)N(C2C(N(C)C)CCCC2)C3=CC=CC=C3,5.74,Validation
CN1CCC23C4C1CC5=C2C(=C(C=C5)OC)OC3C(=O)CC4,3.92,Validation
ClC=1C=CC2=C(C(=NCC(N2CCO)=O)C2=C(C=CC=C2)F)C1,7.31,Validation
CC(C)C(N(C1=CC=CC=C1)C2CCN(CCC3=CC=CC=C3)CC2)=O,6.66,Validation
C(C)N(CCN1C(=NC2=C1C=CC(=C2)[N+](=O)[O-])CC2=CC=C(C=C2)OC(C)C)CC,7.02,Validation
O=C(C1=C(C)N(CCCC)C2=C1C=CC=C2)C3=C4C=CC=CC4=CC=C3,10.24,Validation
O=C(C1=CN(CCCCCCl)C2=C1C=CC=C2)C3=C4C(C=CC=C4)=CC=C3,10.09,Validation
CCn1cc(-c2ccc3ccccc3c2C=O)c2ccccc21,9.33,Validation
CCCCN1C=C(C2=CC=CC=C21)C(=O)C3=CC=CC4=CC=CC=C43,10.0,Validation
CCCCN1C=C(C2=CC=CC=C21)C(=O)C3=C(C=CC4=CC=CC=C43)C,10.18,Validation
O=C(C1=CN(CCCC)C2=C1C=CC(OC)=C2)C3=CC=CC4=C3C=CC=C4,10.07,Validation
[H][C@@]12CC(C)=CC[C@@]1([H])C(C)(C)OC1=C2C=CC(=C1)C(C)(C)CCC,12.33,Validation
O=C(C1=CN(CCCCCC)C(C2=CC=CC=C2)=C1)C3=C4C=CC=CC4=CC=C3,10.97,Validation
CCCCCN1C2=C(C=CC=C2)C(C(C3=CC=C(Cl)C4=C3C=CC=C4)=O)=C1,10.94,Validation
C(C)N(C(=O)[C@@H]1C=C2C=3C=CC=C4NC=C(C[C@H]2N(C1)C)C34)CC,5.62,Validation
O=C(C1=C(C)N(CCCCCF)C2=C1C=CC=C2)C3C(C)(C)C3(C)C,10.61,Validation
O=C(C1=NN(CC2CCCCC2)C3=C1C=CC=C3)NC(C(C)(C)C)C(N)=O,9.79,Validation
O=C(C1=CC=C2C(N=C(CC3=CC=C(OCC)C=C3)N2CC4CCCCC4)=C1)N(CC)CC,9.8,Validation
CCCCN1C2=CC=CC=C2C(=N1)C(=O)N[C@H](C(=O)OC)C(C)(C)C,9.94,Validation
CC(C)[C@H](NC(C1=CN(CCCCCF)C2=C1C=CC=C2)=O)C(OC)=O,8.88,Validation
CCC(N1CCCC1)C(C2=CC=C(C)C=C2)=O,5.26,Validation
C1(CCCCC1)N1CCN(CC1)C(CC1=CC=CC=C1)C1=CC=CC=C1,7.4,Validation
CC(NC)C(C1=CC=C(OC)C=C1)=O,3.91,Validation
O1COC2=C1C=CC(=C2)C(C(CCCCC)N2CCCC2)=O,6.61,Validation
O1COC2=C1C=CC(=C2)C(C(C)NC)=O,3.52,Validation
CCC(S1)=CC2=C1N3C(CN=C2C4=CC=CC=C4Cl)=NN=C3,7.53,Validation
[H][C@@]1(N)CCCC[C@@]1([H])N(C)C(=O)C1=CC(Cl)=C(Cl)C=C1,6.17,Validation
C(C)NCCN1C(=NC2=C1C=CC(=C2)[N+](=O)[O-])CC2=CC=C(C=C2)OC(C)C,6.84,Validation
O=C(N(C)[C@H]1[C@H](NC)CCCC1)C2=CC=C(Cl)C(Cl)=C2,6.19,Validation
CCCC(NCC)C(C1=CC=CC=C1)=O,5.06,Validation
CCC(NCC)C(C1=CC=CC=C1)=O,4.22,Validation
CCCCC(C(=O)c1ccc2c(c1)OCO2)NC,5.78,Validation
C(C)OC1=CC=C(C=C1)CC1=NC2=C(N1CCN1CCCCC1)C=CC(=C2)[N+](=O)[O-],6.69,Validation
C(C)NC1(C(CCCC1)=O)C1=CC=CC=C1,4.5,Validation
O=C(C1CC1)N(C2CCN(C)CC2)C3=CC=CC=C3,5.0,Validation
O=C(C1=NN(CCCCC)C2=C1C=CC=C2)OC3=C4N=CC=CC4=CC=C3,9.83,Validation
CCC(=O)N(C1=CC=CC=C1)C2(CCNCC2)C(=O)OC,5.08,Validation
O=C1CN=C(C2=CC=CC=C2F)C3=CC([N+]([O-])=O)=CC=C3N1,6.85,Validation
O=C1[C@@H]2OC3=C(O)C=CC4=C3[C@@]2([C@]5(CC1)O)CCN(C)[C@@H]5C4,1.98,Validation
CC1NCCOC1C2=CC=CC=C2,3.74,Validation
CC1=NN=C2N1C3=CC=C(Br)C=C3C(C4=NC=CC=C4)=NC2,6.18,Validation
O=C(C1=CN(CCCCC)C2=C1C=CC=C2)NC3=CC=CC=C3,9.63,Validation
O=C(C1=C2C=CC=CC2=CC=C1)C3=NN(CCCCC)C4=C3C=CC=C4,10.72,Validation
O=C1N(CC(N2[C@@H]1CC3=C([C@H]2C4=CC5=C(OCO5)C=C4)NC6=C3C=CC=C6)=O)C,7.39,Validation
CN(C[C@@H]([C@@H](CC)C=1C=C(C=CC1)O)C)C,5.16,Validation
O=C(C1CCCS1)N(C2CCN(CCC3=CC=CC=C3)CC2)C4=CC=CC=C4,6.72,Validation
O[C@@]1(C2=CC=CC(OC)=C2)[C@@H](CN(C)C)CCCC1,4.94,Validation
O=C(NC1C(N(C)C)CCCC1)C2=CC=C(Br)C=C2,5.82,Validation
O=C(N(C1=CC=CC=C1)C2CCN(CCC3=CC=CC=C3)CC2)N(C)C,6.39,Validation
CCCCC(N(C1=CC=CC=C1)C2CCN(CCC3=CC=CC=C3)CC2)=O,7.17,Validation
OC1(C(C2=CC=C(OC)C=C2)CN(C)C)CCCCC1,5.78,Validation
O=C(C1=CN(CCCCCF)C2=C1C=CC=C2)C3C(C)(C)C3(C)C,10.02,Validation
O=C(N(C1=CC=CC=C1)C2CCN(CCC3=CC=CC=C3)CC2)CCC4=CC=CC=C4,7.6,Validation
CCC(N(C1CCN(CC(O)C2=CC=CC=C2)CC1)C3=CC=CC=C3)=O,5.91,Validation
FC=1C=C(C=CC1)N(C(=O)C=1OC=CC1)C1CCN(CC1)CCC1=CC=CC=C1,6.31,Validation
CC(N(C1=CC=CC=C1C)C2CCN(CCC3=CC=CC=C3)CC2)=O,6.09,Validation
O=C(C1=CC=CO1)N(C2=CC=C(Cl)C=C2)C3CCN(CCC4=CC=CC=C4)CC3,6.92,Validation
CCCC(N(C1=CC=C(Cl)C=C1)C2CCN(CCC3=CC=CC=C3)CC2)=O,7.28,Validation
FC1=CC=C(C=C1)N(C(=O)C=1OC=CC1)C1CCN(CC1)CCC1=CC=CC=C1,6.31,Validation
O=C(C1=CC=CO1)N(C2=CC=C(OC)C=C2)C3CCN(CCC4=CC=CC=C4)CC3,6.47,Validation
CCC(N(C1=CC=C(C)C=C1)C2CCN(CCC3=CC=CC=C3)CC2)=O,6.8,Validation
C(CC1=CC=CC=C1)N1CCC(CC1)N(C(=O)C1OCCC1)C1=CC=C(C=C1)C,6.49,Validation
CN([C@H]1[C@@H](CCCC1)N(C(=O)C1=CC2=CC=CC=C2C=C1)C)C,6.1,Test
BrC1=CC(=C(C=C1OC)CCNCC1=C(C=CC=C1)OC)OC,7.14,Test
COC1=C(C=C(C=C1)OC)CCNCC1=C(C=CC=C1)OC,6.45,Test
COC1=CC=CC=C1CNCCC2=CC(OC)=C(SCCC)C=C2OC,7.85,Test
BrC1=CC(=C(C=C1OC)CCN)OC,5.36,Test
NCCC1=CC(OC)=C(Cl)C=C1OC,5.14,Test
C(C)NC1(CCCCC1)C1=CC(=CC=C1)OC,6.0,Test
CCC(N(C1C(C)CN(CCC2=CC=CC=C2)CC1)C3=CC=CC=C3)=O,6.49,Test
C1(NC2CCN(CC3=CC=CC=C3)CC2)=CC=CC=C1,5.78,Test
N1(CCC2=CC=CC=C2)CCC(NC3=CC=CC=C3)CC1,6.12,Test
CC(NC)CC1=CC=C(F)C=C1,4.06,Test
O=C(OC)[C@H](C1=CC=C(C)C=C1)[C@@H]2NCCCC2,5.69,Test
FC1=C(C=C(C=C1)C(C(CCC)N1CCCC1)=O)C,6.22,Test
CC(NC(C)C)C(C1=CC=C(Cl)C=C1)=O,5.3,Test
O=C(NC12CC3CC(CC(C3)C1)C2)c1nn(CCCCCBr)c2ccccc12,11.11,Test
O=C(C1=NN(CCCCCBr)C2=C1C=CC=C2)C3=C4C=CC=CC4=CC=C3,10.51,Test
O=C(c1cccc2ccccc12)c1nn(CCCCCCl)c2ccccc12,10.39,Test
CC(C)(C)[C@@H](C(O)=O)NC(C1=NN(CCCCCF)C2=C1C=CC=C2)=O,9.0,Test
FCCCCCN1C(\C(\C2=CC=CC=C12)=N/NC(C1=CC=CC=C1)=O)=O,9.34,Test
O=C(C1=NN(CCCCCF)C2=C1C=CC=C2)NC(C)(C3=CC=CC=C3)C,9.73,Test
O=C(OC)C(NC(C1=CN(CCCCCF)C2=C1C=CC=C2)=O)CC3=CC=CC=C3,8.99,Test
O=C(O)c1nn(CCCCCF)c2ccccc12,7.4,Test
O=C(OC)/C([C@@H](C[C@]12[H])[C@H](CC)CN1CC[C@@]3(O)C2=NC4=C3C(OC)=CC=C4)=C/OC,5.29,Test
O=C(C1=CN(CC2N(C)CCCC2)C3=C1C=CC=C3)C4C(C)(C)C4(C)C,7.76,Test
O=C(C1=CN(CC2=CC=CC=C2)C3=C1C=CC=C3)N[C@@H](C(C)C)C(N)=O,8.09,Test
CC(C)[C@@H](C(N)=O)NC(C1=CC(C2=CC=C(F)C=C2)=NN1CC3CCCCC3)=O,9.56,Test
O=C(C1=NN(CC2=CC=C(F)C=C2)C3=C1C=CC=C3)NC(C(C)C)C(N)=O,8.31,Test
O=C(C1=NN(CCCCC)C2=C1C=CC=C2)NC(C(C)(C)C)C(N)=O,9.26,Test
O=C(C1=CN(CCCCCF)C2=C1C=CC=C2)C3=CC=CC=C3I,9.23,Test
CC(C)[C@@H](C(OC)=O)NC(C1=NN(CCCCC)C2=C1C=CC=C2)=O,10.02,Test
C12(CC3CC(CC(C1)C3)C2)NC(=O)C2=NN(C3=CC=CC=C23)CC2CCCCC2,11.89,Test
C1(=CC=CC=C1)C(C(CC)N1CCCC1)=O,4.33,Test
CCCC(N1CCCC1)C(C2=CC=CS2)=O,4.59,Test
O=C(C1=CN(CC2CCCCC2)C3=C1C=CC=C3)OC4=C5N=CC=CC5=CC=C4,10.32,Test
CCC(N)CC1=CC=C(OCO2)C2=C1,4.51,Test
C(C1=CC=CC=C1)N1CCNCC1,1.46,Test
O1COC2=C1C=CC(=C2)C(C(C)NCC2=CC=CC=C2)=O,5.66,Test
O=C(C1=CN(CCCCC)C2=C1C=CC=C2)OC3=C4C=CC=CC4=CC=C3,10.92,Test
C1(CCCCC1)NC(CC1=CN(C2=CC=CC=C12)CC1=CC=C(C=C1)F)=O,9.51,Test
ClC1=CC2=C(N(C(CC(N2C2=CC=CC=C2)=O)=O)C)C=C1,7.55,Test
CCN(CC)CCC1=CNC2=CC=CC=C12,4.7,Test
FC1=CC=CC=C1NC2CCN(CCC3=CC=CC=C3F)CC2,6.58,Test
FC1=CC=CC=C1NC2CCN(CCC3=CC=CC=C3)CC2,6.46,Test
CN1C2=C(C(C3=CC=CC=C3)=NCC1=O)C=C(Cl)C=C2,8.12,Test
CC(N(CC)CC)C(C1=CC=C(OCO2)C2=C1)=O,4.29,Test
CC(N(C)C)C(C1=CC=C(OCO2)C2=C1)=O,3.68,Test
O=C(C1=C2C=CC=CC2=CC=C1)C3=CC4=C(C=C3)N(CCCCC)C5=C4C=CC=C5,11.3,Test
O=C(C1=C2C=CC=CC2=C(F)C=C1)C3=CN(CCCCCF)C4=C3C=CC=C4,9.95,Test
O=C(O)CCCCN1C(C(C2=C3C=CC=CC3=CC=C2)=O)=NC4=CC=CC=C14,8.67,Test
C(C)NC1(C(CCCC1)=O)C1=CC(=CC=C1)F,4.63,Test
CCC(N(C1CCN(CCC2=CC=CO2)CC1)C3=CC=CC=C3)=O,5.75,Test
OC1=CC(C(CCCCCC)(C)C)=CC2=C1[C@@](CC(CO)=CC3)([H])[C@]3([H])C(C)(C)O2,10.95,Test
OCC1=C[C@@H](C2=C(OC)C=C(C(CCCCCC)(C)C)C=C2OC)[C@@]3([H])C[C@]1([H])C3(C)C,11.93,Test
CCCCC(NC)C(C1=CC=CC=C1)=O,5.63,Test
C1C2=NN=C(N2C3=C(C=C(C=C3)Cl)C(=N1)C4=CC=CC=C4Cl)CO,7.02,Test
O=C(C1=CN(CCCCCCC)C2=C1C=CC=C2)C3=C4C=CC=CC4=CC=C3,10.96,Test
CCCCCCN1C=CC(=C1)C(=O)C1=CC=CC2=CC=CC=C12,10.22,Test
O=C(C1=C2C=CC=CC2=CC=C1)C3=CN(CCC)C4=C3C=CC=C4,9.59,Test
O=C(C1=CN(CCCC)C2=C1C=CC=C2)C3=C4C=CC=CC4=C(OC)C=C3,10.28,Test
O=C(C1=CC=CC2=C1C=CC=C2)C3=CN(C4=C3C=CC=C4)CCN5CCOCC5,7.42,Test
CCCCCN1C=C(C(CC2=CC=CC=C2Cl)=O)C3=C1C=CC=C3,10.27,Test
O=C(C1=C2C=CC=CC2=C(CC)C=C1)C3=C(C)N(CCCCC)C4=C3C=CC=C4,11.05,Test
ClC=1C=CC2=C(C(=NC(C(N2)=O)O)C2=C(C=CC=C2)Cl)C1,7.28,Test
CC(C)(C)[C@H](NC(C1=NN(CC2CCC(O)CC2)C3=C1C=CC=C3)=O)C(O)=O,10.19,Test
CC(N)CC1=CC=C(OCO2)C2=C1,3.83,Test
CCCCCN1C(=O)C(=NN=C(O)C2=CC=CC=C2)C2=C1C=C(OC)C=C2,10.3,Test
CC(C)(C)[C@@H](C(OC)=O)NC(C1=CN(CC2CCCCC2)C3=C1C=CC=C3)=O,10.33,Test
FC1=CC=C(CN2N=C(C3=CC=CC=C23)C(=O)N[C@H](C(=O)O)C(C)(C)C)C=C1,9.19,Test
O=C(C1=C(C)N(CCN2CCOCC2)C3=C1C=CC=C3OC)N[C@H]4[C@@](C5)(C)CC[C@@]5([H])C4(C)C,8.76,Test
CC(N1CCCC1)C(C2=CC=C(C)C=C2)=O,4.79,Test
CNC(C(=O)C1=CC=C(C=C1)C)C,4.27,Test
O=C(OCC(COC(=O)N)(C)CCC)N,5.66,Test
C=C(C)C(N(C1=CC=CC=C1)C2CCN(CCC3=CC=CC=C3)CC2)=O,6.34,Test
COC=1C=C(C=CC1)C1(C(CCCC1)=O)NCC,4.97,Test
COC=1C=C(C=CC1)C1(C(CCCC1)=O)NCCC,5.44,Test
CN(C1C(CCCC1)N(C(=O)C1=CC2=C(OCO2)C=C1)C)C,4.94,Test
O1COC2=C1C=CC(=C2)CC2=NC1=C(N2CCN(CC)CC)C=CC(=C1)[N+](=O)[O-],5.94,Test
O=C(OC)C(C1CCCCN1)C2=CC=CC=C2,5.05,Test
C(C)N(CCN1C(=NC2=C1C=CC(=C2)[N+](=O)[O-])CC2=CC=C(C=C2)OC)CC,6.07,Test
ClC1=CC=C2C(C(C3=CC=CC=C3F)=NCC4=CN=C(C)N42)=C1,6.37,Test
O1COC2=C1C=CC(=C2)C(C(CC)NC2CCCCC2)=O,6.2,Test
O1COC2=C1C=CC(=C2)C(C(C)NC2CCCCC2)=O,5.84,Test
O1COC2=C1C=CC(=C2)C(C(CCC)NCC)=O,5.26,Test
C(C)OC1=CC=C(C=C1)CC1=NC2=C(N1CCN1CCCC1)C=CC(=C2)[N+](=O)[O-],6.48,Test
CC(NCC1=CC=CC=C1)CC2=CC=C(OC)C(OC)=C2,5.63,Test
CCCCC(NCCCC)C(C1=CC=CC=C1)=O,6.64,Test
O=C(C1(N(C2=CC=CC=C2)C(CC)=O)CCN(C)CC1)OC,5.02,Test
O=C(C1=CN(CCCCC)C2=C1C=CC=C2)NC3=C4C=CC=CC4=CC=C3,9.92,Test
O=C1CCN(CCC2=CC=CC=C2)CC1,3.28,Test
O=C(N(C1=CC=CC=C1F)C2CCN(CCC3=CC=CC=C3)CC2)COC,5.74,Test
ClC=1C=CC2=C(C(=NC(C(N2)=O)O)C2=CC=CC=C2)C1,7.18,Test
N1(C2(C3=CC=CC=C3)CCCCC2)CCCCC1,5.93,Test
O=C(N(C1CCN(CC2=CC=CC=C2)CC1)C3=CC=CC=C3)C4=CC=CC=C4,6.56,Test
O=C(C1=CC=C(OC)C=C1)C2=C(C)N(CCN3CCOCC3)C4=C2C=CC=C4,6.78,Test
[H][C@@](C)(CN(C)C)[C@@](CC1=CC=CC=C1)(OC(=O)CC)C1=CC=CC=C1,7.13,Test
COC1=CC=C(C=C1)C(=O)C1=CN(C2=CC=CC=C12)CCCCC,9.98,Test
O=C(C1=CC=C(OC)C=C1)C2=CN(CCCC)C3=C2C=CC=C3,9.57,Test
ClC1=CC=C([C@H]2C3=C([C@H](CC2)NC)C=CC=C3)C=C1Cl,7.59,Test
CCC(N(C1(COC)CCN(CCC2=CC=CS2)CC1)C3=CC=CC=C3)=O,6.89,Test
CC1(C(C1(C)C)C(=O)N(C1CCN(CC1)CCC1=CC=CC=C1)C1=CC=CC=C1)C,8.21,Test
ClC=1C=C(C=CC1Cl)CC(=O)N([C@H]1[C@@H](CCCC1)N1CCCC1)C,6.91,Test
CN(C1CCC2(CCCO2)CC1N3CCCC3)C(=O)CC4=CC=CC=C4,5.62,Test
O=C(C1=C(C)N(CC2=CC=C(Cl)C=C2)C(C3=CC=CC=C3)=C1N)C4=CC=CC=C4,9.68,Test
CCC(N(C1CCN(CC(O)C2=CC=CS2)CC1)C3=CC=CC=C3)=O,5.66,Test
FC1=C(C=CC=C1)N(C(=O)C=1OC=CC1)C1CCN(CC1)CCC1=CC=CC=C1,6.31,Test
O=C(C1=CC=CO1)N(C2=CC=CC=C2C(C)C)C3CCN(CCC4=CC=CC=C4)CC3,7.38,Test
CCCCC(N(C1=CC=C(Cl)C=C1)C2CCN(CCC3=CC=CC=C3)CC2)=O,7.83,Test
O=C(C1CC1)N(C2CCN(CC3=CC=CC=C3)CC2)C4=CC=C(F)C=C4,6.49,Test
CC1=CC=C(C=C1)N(C(C)=O)C1CCN(CC1)CCC1=CC=CC=C1,6.3,Test
